MT5 Path Exists? True

MT5 ACCOUNT CONNECTED! 
ACCOUNT: 52474878 
BALANCE: $93516.73

[INFO] XAUUSD Lot Range: min=0.01, max=100.0, step=0.01
{'custom': False, 'chart_mode': 0, 'select': True, 'visible': True, 'session_deals': 0, 'session_buy_orders': 0, 'session_sell_orders': 0, 'volume': 0, 'volumehigh': 0, 'volumelow': 0, 'time': 1762789134, 'digits': 2, 'spread': 5, 'spread_float': True, 'ticks_bookdepth': 10, 'trade_calc_mode': 0, 'trade_mode': 4, 'start_time': 0, 'expiration_time': 0, 'trade_stops_level': 0, 'trade_freeze_level': 0, 'trade_exemode': 2, 'swap_mode': 1, 'swap_rollover3days': 3, 'margin_hedged_use_leg': False, 'expiration_mode': 15, 'filling_mode': 2, 'order_mode': 127, 'order_gtc_mode': 0, 'option_mode': 0, 'option_right': 0, 'bid': 4098.19, 'bidhigh': 4105.99, 'bidlow': 3997.81, 'ask': 4098.24, 'askhigh': 4106.04, 'asklow': 3997.94, 'last': 0.0, 'lasthigh': 0.0, 'lastlow': 0.0, 'volume_real': 0.0, 'volumehigh_real': 0.0, 'volumelow_real': 0.0, 'option_strike': 0.0, 'point': 0.01, 'trade_tick_value': 1.0, 'trade_tick_value_profit': 1.0, 'trade_tick_value_loss': 1.0, 'trade_tick_size': 0.01, 'trade_contract_size': 100.0, 'trade_accrued_interest': 0.0, 'trade_face_value': 0.0, 'trade_liquidity_rate': 0.0, 'volume_min': 0.01, 'volume_max': 100.0, 'volume_step': 0.01, 'volume_limit': 0.0, 'swap_long': -57.63, 'swap_short': 48.2, 'margin_initial': 100.0, 'margin_maintenance': 0.0, 'session_volume': 0.0, 'session_turnover': 0.0, 'session_interest': 0.0, 'session_buy_orders_volume': 0.0, 'session_sell_orders_volume': 0.0, 'session_open': 3998.8, 'session_close': 4000.84, 'session_aw': 0.0, 'session_price_settlement': 0.0, 'session_price_limit_min': 0.0, 'session_price_limit_max': 0.0, 'margin_hedged': 100.0, 'price_change': 2.4332, 'price_volatility': 0.0, 'price_theoretical': 0.0, 'price_greeks_delta': 0.0, 'price_greeks_theta': 0.0, 'price_greeks_gamma': 0.0, 'price_greeks_vega': 0.0, 'price_greeks_rho': 0.0, 'price_greeks_omega': 0.0, 'price_sensitivity': 0.0, 'basis': '', 'category': '', 'currency_base': 'XAU', 'currency_profit': 'USD', 'currency_margin': 'XAU', 'bank': '', 'description': 'Gold vs US Dollar', 'exchange': '', 'formula': '', 'isin': '', 'name': 'XAUUSD', 'page': '', 'path': 'Commodities\\Metals\\XAUUSD'}
[INFO] Min stop distance enforced by broker ≈ $0.00

[*] OUTSIDE SESSION. NEXT SESSION: 2025-11-10 18:30:00 GMT
MT5 Path Exists? True

MT5 ACCOUNT CONNECTED! 
ACCOUNT: 52474878 
BALANCE: $93516.73

[INFO] XAUUSD Lot Range: min=0.01, max=100.0, step=0.01
{'custom': False, 'chart_mode': 0, 'select': True, 'visible': True, 'session_deals': 0, 'session_buy_orders': 0, 'session_sell_orders': 0, 'volume': 0, 'volumehigh': 0, 'volumelow': 0, 'time': 1762803435, 'digits': 2, 'spread': 7, 'spread_float': True, 'ticks_bookdepth': 10, 'trade_calc_mode': 0, 'trade_mode': 4, 'start_time': 0, 'expiration_time': 0, 'trade_stops_level': 0, 'trade_freeze_level': 0, 'trade_exemode': 2, 'swap_mode': 1, 'swap_rollover3days': 3, 'margin_hedged_use_leg': False, 'expiration_mode': 15, 'filling_mode': 2, 'order_mode': 127, 'order_gtc_mode': 0, 'option_mode': 0, 'option_right': 0, 'bid': 4096.53, 'bidhigh': 4105.99, 'bidlow': 3997.81, 'ask': 4096.6, 'askhigh': 4106.04, 'asklow': 3997.94, 'last': 0.0, 'lasthigh': 0.0, 'lastlow': 0.0, 'volume_real': 0.0, 'volumehigh_real': 0.0, 'volumelow_real': 0.0, 'option_strike': 0.0, 'point': 0.01, 'trade_tick_value': 1.0, 'trade_tick_value_profit': 1.0, 'trade_tick_value_loss': 1.0, 'trade_tick_size': 0.01, 'trade_contract_size': 100.0, 'trade_accrued_interest': 0.0, 'trade_face_value': 0.0, 'trade_liquidity_rate': 0.0, 'volume_min': 0.01, 'volume_max': 100.0, 'volume_step': 0.01, 'volume_limit': 0.0, 'swap_long': -56.556, 'swap_short': 48.135, 'margin_initial': 100.0, 'margin_maintenance': 0.0, 'session_volume': 0.0, 'session_turnover': 0.0, 'session_interest': 0.0, 'session_buy_orders_volume': 0.0, 'session_sell_orders_volume': 0.0, 'session_open': 3998.8, 'session_close': 4000.84, 'session_aw': 0.0, 'session_price_settlement': 0.0, 'session_price_limit_min': 0.0, 'session_price_limit_max': 0.0, 'margin_hedged': 100.0, 'price_change': 2.3917, 'price_volatility': 0.0, 'price_theoretical': 0.0, 'price_greeks_delta': 0.0, 'price_greeks_theta': 0.0, 'price_greeks_gamma': 0.0, 'price_greeks_vega': 0.0, 'price_greeks_rho': 0.0, 'price_greeks_omega': 0.0, 'price_sensitivity': 0.0, 'basis': '', 'category': '', 'currency_base': 'XAU', 'currency_profit': 'USD', 'currency_margin': 'XAU', 'bank': '', 'description': 'Gold vs US Dollar', 'exchange': '', 'formula': '', 'isin': '', 'name': 'XAUUSD', 'page': '', 'path': 'Commodities\\Metals\\XAUUSD'}
[INFO] Min stop distance enforced by broker ≈ $0.00

[*] OUTSIDE SESSION. NEXT SESSION: 2025-11-10 18:30:00 GMT
[+] SESSION START REACHED. Waiting to enter... 
[+] SESSION HAS STARTED!                         
[+] IN SESSION: 18:30:00–22:00:00 GMT

[*] Waiting until next 5-min candle close at 18:30:00 GMT ...

[OK] New 5-min candle detected: 2025-11-10 18:25:00
[INFO] Ignoring pre-session bar. Waiting for first post-session-start candle...

[+] IN SESSION: 18:30:00–22:00:00 GMT

[*] Waiting until next 5-min candle close at 18:30:00 GMT ...
[SKIP] Just-closed candle already fetched. Waiting to the next close for a brand-new timestamp...

[*] Waiting until 18:35:00 GMT ...

[OK] New 5-min candle detected: 2025-11-10 18:30:00
[OK] Retrieved 499 candles from OANDA.
[INFO] No open position currently.
[INFO] No actionable signal.

[+] IN SESSION: 18:30:00–22:00:00 GMT

[*] Waiting until next 5-min candle close at 18:35:00 GMT ...
[SKIP] Just-closed candle already fetched. Waiting to the next close for a brand-new timestamp...

[*] Waiting until 18:40:00 GMT ...

[OK] New 5-min candle detected: 2025-11-10 18:35:00
[OK] Retrieved 499 candles from OANDA.
[INFO] No open position currently.
[INFO] No actionable signal.

[+] IN SESSION: 18:30:00–22:00:00 GMT

[*] Waiting until next 5-min candle close at 18:40:00 GMT ...
[SKIP] Just-closed candle already fetched. Waiting to the next close for a brand-new timestamp...

[*] Waiting until 18:45:00 GMT ...

[OK] New 5-min candle detected: 2025-11-10 18:40:00
[OK] Retrieved 499 candles from OANDA.
[INFO] No open position currently.
[INFO] No actionable signal.

[+] IN SESSION: 18:30:00–22:00:00 GMT

[*] Waiting until next 5-min candle close at 18:45:00 GMT ...
[SKIP] Just-closed candle already fetched. Waiting to the next close for a brand-new timestamp...

[*] Waiting until 18:50:00 GMT ...

[OK] New 5-min candle detected: 2025-11-10 18:45:00
[OK] Retrieved 499 candles from OANDA.
[INFO] No open position currently.
[INFO] No actionable signal.

[+] IN SESSION: 18:30:00–22:00:00 GMT

[*] Waiting until next 5-min candle close at 18:50:00 GMT ...
[SKIP] Just-closed candle already fetched. Waiting to the next close for a brand-new timestamp...

[*] Waiting until 18:55:00 GMT ...

[OK] New 5-min candle detected: 2025-11-10 18:50:00
[OK] Retrieved 499 candles from OANDA.
[INFO] No open position currently.
[INFO] No actionable signal.

[+] IN SESSION: 18:30:00–22:00:00 GMT

[*] Waiting until next 5-min candle close at 18:55:00 GMT ...
[SKIP] Just-closed candle already fetched. Waiting to the next close for a brand-new timestamp...

[*] Waiting until 19:00:00 GMT ...

[OK] New 5-min candle detected: 2025-11-10 18:55:00
[OK] Retrieved 499 candles from OANDA.
[INFO] No open position currently.
[INFO] No actionable signal.

[+] IN SESSION: 18:30:00–22:00:00 GMT

[*] Waiting until next 5-min candle close at 19:00:00 GMT ...
[SKIP] Just-closed candle already fetched. Waiting to the next close for a brand-new timestamp...

[*] Waiting until 19:05:00 GMT ...

[OK] New 5-min candle detected: 2025-11-10 19:00:00
[OK] Retrieved 499 candles from OANDA.
[INFO] No open position currently.
[INFO] No actionable signal.

[+] IN SESSION: 18:30:00–22:00:00 GMT

[*] Waiting until next 5-min candle close at 19:05:00 GMT ...
[SKIP] Just-closed candle already fetched. Waiting to the next close for a brand-new timestamp...

[*] Waiting until 19:10:00 GMT ...

[OK] New 5-min candle detected: 2025-11-10 19:05:00
[OK] Retrieved 499 candles from OANDA.
[INFO] No open position currently.
[INFO] No actionable signal.

[+] IN SESSION: 18:30:00–22:00:00 GMT

[*] Waiting until next 5-min candle close at 19:10:00 GMT ...
[SKIP] Just-closed candle already fetched. Waiting to the next close for a brand-new timestamp...

[*] Waiting until 19:15:00 GMT ...

[OK] New 5-min candle detected: 2025-11-10 19:10:00
[OK] Retrieved 499 candles from OANDA.
[INFO] No open position currently.
[INFO] No actionable signal.

[+] IN SESSION: 18:30:00–22:00:00 GMT

[*] Waiting until next 5-min candle close at 19:15:00 GMT ...
[SKIP] Just-closed candle already fetched. Waiting to the next close for a brand-new timestamp...

[*] Waiting until 19:20:00 GMT ...

[OK] New 5-min candle detected: 2025-11-10 19:15:00
[OK] Retrieved 499 candles from OANDA.
[INFO] No open position currently.
[INFO] No actionable signal.

[+] IN SESSION: 18:30:00–22:00:00 GMT

[*] Waiting until next 5-min candle close at 19:20:00 GMT ...
[SKIP] Just-closed candle already fetched. Waiting to the next close for a brand-new timestamp...

[*] Waiting until 19:25:00 GMT ...

[OK] New 5-min candle detected: 2025-11-10 19:20:00
[OK] Retrieved 499 candles from OANDA.
[INFO] No open position currently.
[INFO] No actionable signal.

[+] IN SESSION: 18:30:00–22:00:00 GMT

[*] Waiting until next 5-min candle close at 19:25:00 GMT ...
[SKIP] Just-closed candle already fetched. Waiting to the next close for a brand-new timestamp...

[*] Waiting until 19:30:00 GMT ...

[OK] New 5-min candle detected: 2025-11-10 19:25:00
[OK] Retrieved 499 candles from OANDA.
[INFO] No open position currently.
[INFO] No actionable signal.

[+] IN SESSION: 18:30:00–22:00:00 GMT

[*] Waiting until next 5-min candle close at 19:30:00 GMT ...
[SKIP] Just-closed candle already fetched. Waiting to the next close for a brand-new timestamp...

[*] Waiting until 19:35:00 GMT ...

[OK] New 5-min candle detected: 2025-11-10 19:30:00
[OK] Retrieved 499 candles from OANDA.
[INFO] No open position currently.
[INFO] No actionable signal.

[+] IN SESSION: 18:30:00–22:00:00 GMT

[*] Waiting until next 5-min candle close at 19:35:00 GMT ...
[SKIP] Just-closed candle already fetched. Waiting to the next close for a brand-new timestamp...

[*] Waiting until 19:40:00 GMT ...

[OK] New 5-min candle detected: 2025-11-10 19:35:00
[OK] Retrieved 499 candles from OANDA.
[INFO] No open position currently.
[INFO] No actionable signal.

[+] IN SESSION: 18:30:00–22:00:00 GMT

[*] Waiting until next 5-min candle close at 19:40:00 GMT ...
[SKIP] Just-closed candle already fetched. Waiting to the next close for a brand-new timestamp...

[*] Waiting until 19:45:00 GMT ...

[OK] New 5-min candle detected: 2025-11-10 19:40:00
[OK] Retrieved 499 candles from OANDA.
[INFO] No open position currently.
[INFO] No actionable signal.

[+] IN SESSION: 18:30:00–22:00:00 GMT

[*] Waiting until next 5-min candle close at 19:45:00 GMT ...
[SKIP] Just-closed candle already fetched. Waiting to the next close for a brand-new timestamp...

[*] Waiting until 19:50:00 GMT ...

[OK] New 5-min candle detected: 2025-11-10 19:45:00
[OK] Retrieved 499 candles from OANDA.
[INFO] No open position currently.
[INFO] No actionable signal.

[+] IN SESSION: 18:30:00–22:00:00 GMT

[*] Waiting until next 5-min candle close at 19:50:00 GMT ...
[SKIP] Just-closed candle already fetched. Waiting to the next close for a brand-new timestamp...

[*] Waiting until 19:55:00 GMT ...

[OK] New 5-min candle detected: 2025-11-10 19:50:00
[OK] Retrieved 499 candles from OANDA.
[INFO] No open position currently.
[INFO] No actionable signal.

[+] IN SESSION: 18:30:00–22:00:00 GMT

[*] Waiting until next 5-min candle close at 19:55:00 GMT ...
[SKIP] Just-closed candle already fetched. Waiting to the next close for a brand-new timestamp...

[*] Waiting until 20:00:00 GMT ...

[OK] New 5-min candle detected: 2025-11-10 19:55:00
[OK] Retrieved 499 candles from OANDA.
[INFO] No open position currently.
[INFO] No actionable signal.

[+] IN SESSION: 18:30:00–22:00:00 GMT

[*] Waiting until next 5-min candle close at 20:00:00 GMT ...
[SKIP] Just-closed candle already fetched. Waiting to the next close for a brand-new timestamp...

[*] Waiting until 20:05:00 GMT ...

[OK] New 5-min candle detected: 2025-11-10 20:00:00
[OK] Retrieved 499 candles from OANDA.
[INFO] No open position currently.
[INFO] No actionable signal.

[+] IN SESSION: 18:30:00–22:00:00 GMT

[*] Waiting until next 5-min candle close at 20:05:00 GMT ...
[SKIP] Just-closed candle already fetched. Waiting to the next close for a brand-new timestamp...

[*] Waiting until 20:10:00 GMT ...

[OK] New 5-min candle detected: 2025-11-10 20:05:00
[OK] Retrieved 499 candles from OANDA.
[INFO] No open position currently.
[INFO] No actionable signal.

[+] IN SESSION: 18:30:00–22:00:00 GMT

[*] Waiting until next 5-min candle close at 20:10:00 GMT ...
[SKIP] Just-closed candle already fetched. Waiting to the next close for a brand-new timestamp...

[*] Waiting until 20:15:00 GMT ...

[OK] New 5-min candle detected: 2025-11-10 20:10:00
[OK] Retrieved 499 candles from OANDA.
[INFO] No open position currently.
[INFO] No actionable signal.

[+] IN SESSION: 18:30:00–22:00:00 GMT

[*] Waiting until next 5-min candle close at 20:15:00 GMT ...
[SKIP] Just-closed candle already fetched. Waiting to the next close for a brand-new timestamp...

[*] Waiting until 20:20:00 GMT ...

[OK] New 5-min candle detected: 2025-11-10 20:15:00
[OK] Retrieved 499 candles from OANDA.
[INFO] No open position currently.
[TRADE] XAU-5M-REV: new signal=BUY | prev=NONE | open=NONE
[RISK] Balance risked: $233.79 | SL distance: $2.50 | Lot: 0.93
[ERROR] ORDER FAILED: 10019, No money
[PENDING] XAU-5M-REV: queued BUY execution (will retry).

[+] IN SESSION: 18:30:00–22:00:00 GMT

[*] Waiting until next 5-min candle close at 20:20:00 GMT ...
[SKIP] Just-closed candle already fetched. Waiting to the next close for a brand-new timestamp...

[*] Waiting until 20:25:00 GMT ...
[RETRY] XAU-5M-REV: attempting pending BUY execution...
[RISK] Balance risked: $233.79 | SL distance: $2.50 | Lot: 0.93
[ERROR] ORDER FAILED: 10019, No money
[RETRY] XAU-5M-REV: attempting pending BUY execution...
[RISK] Balance risked: $233.79 | SL distance: $2.50 | Lot: 0.93
[ERROR] ORDER FAILED: 10019, No money
[RETRY] XAU-5M-REV: attempting pending BUY execution...
[RISK] Balance risked: $233.79 | SL distance: $2.50 | Lot: 0.93
[ERROR] ORDER FAILED: 10019, No money
[RETRY] XAU-5M-REV: attempting pending BUY execution...
[RISK] Balance risked: $233.79 | SL distance: $2.50 | Lot: 0.93
[ERROR] ORDER FAILED: 10019, No money
[RETRY] XAU-5M-REV: attempting pending BUY execution...
[RISK] Balance risked: $233.79 | SL distance: $2.50 | Lot: 0.93
[ERROR] ORDER FAILED: 10019, No money
[RETRY] XAU-5M-REV: attempting pending BUY execution...
[RISK] Balance risked: $233.79 | SL distance: $2.50 | Lot: 0.93
[ERROR] ORDER FAILED: 10019, No money
[RETRY] XAU-5M-REV: attempting pending BUY execution...
[RISK] Balance risked: $233.79 | SL distance: $2.50 | Lot: 0.93
[ERROR] ORDER FAILED: 10019, No money
[RETRY] XAU-5M-REV: attempting pending BUY execution...
[RISK] Balance risked: $233.79 | SL distance: $2.50 | Lot: 0.93
[ERROR] ORDER FAILED: 10019, No money
[RETRY] XAU-5M-REV: attempting pending BUY execution...
[RISK] Balance risked: $233.79 | SL distance: $2.50 | Lot: 0.93
[ERROR] ORDER FAILED: 10019, No money
[RETRY] XAU-5M-REV: attempting pending BUY execution...
[RISK] Balance risked: $233.79 | SL distance: $2.50 | Lot: 0.93
[ERROR] ORDER FAILED: 10019, No money
[RETRY] XAU-5M-REV: attempting pending BUY execution...
[RISK] Balance risked: $233.79 | SL distance: $2.50 | Lot: 0.93
[ERROR] ORDER FAILED: 10019, No money
[RETRY] XAU-5M-REV: attempting pending BUY execution...
[RISK] Balance risked: $233.79 | SL distance: $2.50 | Lot: 0.93
[ERROR] ORDER FAILED: 10019, No money
[RETRY] XAU-5M-REV: attempting pending BUY execution...
[RISK] Balance risked: $233.79 | SL distance: $2.50 | Lot: 0.93
[ERROR] ORDER FAILED: 10019, No money
[RETRY] XAU-5M-REV: attempting pending BUY execution...
[RISK] Balance risked: $233.79 | SL distance: $2.50 | Lot: 0.93
[ERROR] ORDER FAILED: 10019, No money
[RETRY] XAU-5M-REV: attempting pending BUY execution...
[RISK] Balance risked: $233.79 | SL distance: $2.50 | Lot: 0.93
[ERROR] ORDER FAILED: 10019, No money
[RETRY] XAU-5M-REV: attempting pending BUY execution...
[RISK] Balance risked: $233.79 | SL distance: $2.50 | Lot: 0.93
[ERROR] ORDER FAILED: 10019, No money
[RETRY] XAU-5M-REV: attempting pending BUY execution...
[RISK] Balance risked: $233.79 | SL distance: $2.50 | Lot: 0.93
[ERROR] ORDER FAILED: 10019, No money
[RETRY] XAU-5M-REV: attempting pending BUY execution...
[RISK] Balance risked: $233.79 | SL distance: $2.50 | Lot: 0.93
[ERROR] ORDER FAILED: 10019, No money
[RETRY] XAU-5M-REV: attempting pending BUY execution...
[RISK] Balance risked: $233.79 | SL distance: $2.50 | Lot: 0.93
[ERROR] ORDER FAILED: 10019, No money
[RETRY] XAU-5M-REV: attempting pending BUY execution...
[RISK] Balance risked: $233.79 | SL distance: $2.50 | Lot: 0.93
[ERROR] ORDER FAILED: 10019, No money

[OK] New 5-min candle detected: 2025-11-10 20:20:00
[OK] Retrieved 499 candles from OANDA.
[INFO] No open position currently.

[+] IN SESSION: 18:30:00–22:00:00 GMT

[*] Waiting until next 5-min candle close at 20:25:00 GMT ...
[SKIP] Just-closed candle already fetched. Waiting to the next close for a brand-new timestamp...

[*] Waiting until 20:30:00 GMT ...
[RETRY] XAU-5M-REV: attempting pending BUY execution...
[RISK] Balance risked: $233.79 | SL distance: $2.50 | Lot: 0.93
[ERROR] ORDER FAILED: 10019, No money
[RETRY] XAU-5M-REV: attempting pending BUY execution...
[RISK] Balance risked: $233.79 | SL distance: $2.50 | Lot: 0.93
[ERROR] ORDER FAILED: 10019, No money
[RETRY] XAU-5M-REV: attempting pending BUY execution...
[RISK] Balance risked: $233.79 | SL distance: $2.50 | Lot: 0.93
[ERROR] ORDER FAILED: 10019, No money
[RETRY] XAU-5M-REV: attempting pending BUY execution...
[RISK] Balance risked: $233.79 | SL distance: $2.50 | Lot: 0.93
[ERROR] ORDER FAILED: 10019, No money
[RETRY] XAU-5M-REV: attempting pending BUY execution...
[RISK] Balance risked: $233.79 | SL distance: $2.50 | Lot: 0.93
[ERROR] ORDER FAILED: 10019, No money
[RETRY] XAU-5M-REV: attempting pending BUY execution...
[RISK] Balance risked: $233.79 | SL distance: $2.50 | Lot: 0.93
[ERROR] ORDER FAILED: 10019, No money
[RETRY] XAU-5M-REV: attempting pending BUY execution...
[RISK] Balance risked: $233.79 | SL distance: $2.50 | Lot: 0.93
[ERROR] ORDER FAILED: 10019, No money
[RETRY] XAU-5M-REV: attempting pending BUY execution...
[RISK] Balance risked: $233.79 | SL distance: $2.50 | Lot: 0.93
[ERROR] ORDER FAILED: 10019, No money
[RETRY] XAU-5M-REV: attempting pending BUY execution...
[RISK] Balance risked: $233.79 | SL distance: $2.50 | Lot: 0.93
[ERROR] ORDER FAILED: 10019, No money
[RETRY] XAU-5M-REV: attempting pending BUY execution...
[RISK] Balance risked: $233.79 | SL distance: $2.50 | Lot: 0.93
[ERROR] ORDER FAILED: 10019, No money
[RETRY] XAU-5M-REV: attempting pending BUY execution...
[RISK] Balance risked: $233.79 | SL distance: $2.50 | Lot: 0.93
[ERROR] ORDER FAILED: 10019, No money
[RETRY] XAU-5M-REV: attempting pending BUY execution...
[RISK] Balance risked: $233.79 | SL distance: $2.50 | Lot: 0.93
[ERROR] ORDER FAILED: 10019, No money
[RETRY] XAU-5M-REV: attempting pending BUY execution...
[RISK] Balance risked: $233.79 | SL distance: $2.50 | Lot: 0.93
[ERROR] ORDER FAILED: 10019, No money
[RETRY] XAU-5M-REV: attempting pending BUY execution...
[RISK] Balance risked: $233.79 | SL distance: $2.50 | Lot: 0.93
[ERROR] ORDER FAILED: 10019, No money
[RETRY] XAU-5M-REV: attempting pending BUY execution...
[RISK] Balance risked: $233.79 | SL distance: $2.50 | Lot: 0.93
[ERROR] ORDER FAILED: 10019, No money
[RETRY] XAU-5M-REV: attempting pending BUY execution...
[RISK] Balance risked: $233.79 | SL distance: $2.50 | Lot: 0.93
[ERROR] ORDER FAILED: 10019, No money
[RETRY] XAU-5M-REV: attempting pending BUY execution...
[RISK] Balance risked: $233.79 | SL distance: $2.50 | Lot: 0.93
[ERROR] ORDER FAILED: 10019, No money
[RETRY] XAU-5M-REV: attempting pending BUY execution...
[RISK] Balance risked: $233.79 | SL distance: $2.50 | Lot: 0.93
[ERROR] ORDER FAILED: 10019, No money
[RETRY] XAU-5M-REV: attempting pending BUY execution...
[RISK] Balance risked: $233.79 | SL distance: $2.50 | Lot: 0.93
[ERROR] ORDER FAILED: 10019, No money
[RETRY] XAU-5M-REV: attempting pending BUY execution...
[RISK] Balance risked: $233.79 | SL distance: $2.50 | Lot: 0.93
[ERROR] ORDER FAILED: 10019, No money

[OK] New 5-min candle detected: 2025-11-10 20:25:00
[OK] Retrieved 499 candles from OANDA.
[INFO] No open position currently.
[INFO] No actionable signal.

[+] IN SESSION: 18:30:00–22:00:00 GMT

[*] Waiting until next 5-min candle close at 20:30:00 GMT ...
[SKIP] Just-closed candle already fetched. Waiting to the next close for a brand-new timestamp...

[*] Waiting until 20:35:00 GMT ...
[RETRY] XAU-5M-REV: attempting pending BUY execution...
[RISK] Balance risked: $233.79 | SL distance: $2.50 | Lot: 0.93
[ERROR] ORDER FAILED: 10019, No money
[RETRY] XAU-5M-REV: attempting pending BUY execution...
[RISK] Balance risked: $233.79 | SL distance: $2.50 | Lot: 0.93
[ERROR] ORDER FAILED: 10019, No money
[RETRY] XAU-5M-REV: attempting pending BUY execution...
[RISK] Balance risked: $233.79 | SL distance: $2.50 | Lot: 0.93
[ERROR] ORDER FAILED: 10019, No money
[RETRY] XAU-5M-REV: attempting pending BUY execution...
[RISK] Balance risked: $233.79 | SL distance: $2.50 | Lot: 0.93
[ERROR] ORDER FAILED: 10019, No money
[RETRY] XAU-5M-REV: attempting pending BUY execution...
[RISK] Balance risked: $233.79 | SL distance: $2.50 | Lot: 0.93
[ERROR] ORDER FAILED: 10019, No money
[RETRY] XAU-5M-REV: attempting pending BUY execution...
[RISK] Balance risked: $233.79 | SL distance: $2.50 | Lot: 0.93
[ERROR] ORDER FAILED: 10019, No money
[RETRY] XAU-5M-REV: attempting pending BUY execution...
[RISK] Balance risked: $233.79 | SL distance: $2.50 | Lot: 0.93
[ERROR] ORDER FAILED: 10019, No money
[RETRY] XAU-5M-REV: attempting pending BUY execution...
[RISK] Balance risked: $233.79 | SL distance: $2.50 | Lot: 0.93
[ERROR] ORDER FAILED: 10019, No money
[RETRY] XAU-5M-REV: attempting pending BUY execution...
[RISK] Balance risked: $233.79 | SL distance: $2.50 | Lot: 0.93
[ERROR] ORDER FAILED: 10019, No money
[RETRY] XAU-5M-REV: attempting pending BUY execution...
[RISK] Balance risked: $233.79 | SL distance: $2.50 | Lot: 0.93
[ERROR] ORDER FAILED: 10019, No money
[RETRY] XAU-5M-REV: attempting pending BUY execution...
[RISK] Balance risked: $233.79 | SL distance: $2.50 | Lot: 0.93
[ERROR] ORDER FAILED: 10019, No money
[RETRY] XAU-5M-REV: attempting pending BUY execution...
[RISK] Balance risked: $233.79 | SL distance: $2.50 | Lot: 0.93
[ERROR] ORDER FAILED: 10019, No money
[RETRY] XAU-5M-REV: attempting pending BUY execution...
[RISK] Balance risked: $233.79 | SL distance: $2.50 | Lot: 0.93
[ERROR] ORDER FAILED: 10019, No money
[RETRY] XAU-5M-REV: attempting pending BUY execution...
[RISK] Balance risked: $233.79 | SL distance: $2.50 | Lot: 0.93
[ERROR] ORDER FAILED: 10019, No money
[RETRY] XAU-5M-REV: attempting pending BUY execution...
[RISK] Balance risked: $233.79 | SL distance: $2.50 | Lot: 0.93
[ERROR] ORDER FAILED: 10019, No money
[RETRY] XAU-5M-REV: attempting pending BUY execution...
[RISK] Balance risked: $233.79 | SL distance: $2.50 | Lot: 0.93
[ERROR] ORDER FAILED: 10019, No money
[RETRY] XAU-5M-REV: attempting pending BUY execution...
[RISK] Balance risked: $233.79 | SL distance: $2.50 | Lot: 0.93
[ERROR] ORDER FAILED: 10019, No money
[RETRY] XAU-5M-REV: attempting pending BUY execution...
[RISK] Balance risked: $233.79 | SL distance: $2.50 | Lot: 0.93
[ERROR] ORDER FAILED: 10019, No money
[RETRY] XAU-5M-REV: attempting pending BUY execution...
[RISK] Balance risked: $233.79 | SL distance: $2.50 | Lot: 0.93
[ERROR] ORDER FAILED: 10019, No money
[RETRY] XAU-5M-REV: attempting pending BUY execution...
[RISK] Balance risked: $233.79 | SL distance: $2.50 | Lot: 0.93
[ERROR] ORDER FAILED: 10019, No money

[OK] New 5-min candle detected: 2025-11-10 20:30:00
[OK] Retrieved 499 candles from OANDA.
[INFO] No open position currently.
[INFO] No actionable signal.

[+] IN SESSION: 18:30:00–22:00:00 GMT

[*] Waiting until next 5-min candle close at 20:35:00 GMT ...
[SKIP] Just-closed candle already fetched. Waiting to the next close for a brand-new timestamp...

[*] Waiting until 20:40:00 GMT ...
[RETRY] XAU-5M-REV: attempting pending BUY execution...
[RISK] Balance risked: $233.79 | SL distance: $2.50 | Lot: 0.93
[ERROR] ORDER FAILED: 10019, No money
[RETRY] XAU-5M-REV: attempting pending BUY execution...
[RISK] Balance risked: $233.79 | SL distance: $2.50 | Lot: 0.93
[ERROR] ORDER FAILED: 10019, No money
[RETRY] XAU-5M-REV: attempting pending BUY execution...
[RISK] Balance risked: $233.79 | SL distance: $2.50 | Lot: 0.93
[ERROR] ORDER FAILED: 10019, No money
[RETRY] XAU-5M-REV: attempting pending BUY execution...
[RISK] Balance risked: $233.79 | SL distance: $2.50 | Lot: 0.93
[ERROR] ORDER FAILED: 10019, No money
[RETRY] XAU-5M-REV: attempting pending BUY execution...
[RISK] Balance risked: $233.79 | SL distance: $2.50 | Lot: 0.93
[ERROR] ORDER FAILED: 10019, No money
[RETRY] XAU-5M-REV: attempting pending BUY execution...
[RISK] Balance risked: $233.79 | SL distance: $2.50 | Lot: 0.93
[ERROR] ORDER FAILED: 10019, No money
[RETRY] XAU-5M-REV: attempting pending BUY execution...
[RISK] Balance risked: $233.79 | SL distance: $2.50 | Lot: 0.93
[ERROR] ORDER FAILED: 10019, No money
[RETRY] XAU-5M-REV: attempting pending BUY execution...
[RISK] Balance risked: $233.79 | SL distance: $2.50 | Lot: 0.93
[ERROR] ORDER FAILED: 10019, No money
[RETRY] XAU-5M-REV: attempting pending BUY execution...
[RISK] Balance risked: $233.79 | SL distance: $2.50 | Lot: 0.93
[ERROR] ORDER FAILED: 10019, No money
[RETRY] XAU-5M-REV: attempting pending BUY execution...
[RISK] Balance risked: $233.79 | SL distance: $2.50 | Lot: 0.93
[ERROR] ORDER FAILED: 10019, No money
[RETRY] XAU-5M-REV: attempting pending BUY execution...
[RISK] Balance risked: $233.79 | SL distance: $2.50 | Lot: 0.93
[ERROR] ORDER FAILED: 10019, No money
[RETRY] XAU-5M-REV: attempting pending BUY execution...
[RISK] Balance risked: $233.79 | SL distance: $2.50 | Lot: 0.93
[ERROR] ORDER FAILED: 10019, No money
[RETRY] XAU-5M-REV: attempting pending BUY execution...
[RISK] Balance risked: $233.79 | SL distance: $2.50 | Lot: 0.93
[ERROR] ORDER FAILED: 10019, No money
[RETRY] XAU-5M-REV: attempting pending BUY execution...
[RISK] Balance risked: $233.79 | SL distance: $2.50 | Lot: 0.93
[ERROR] ORDER FAILED: 10019, No money
[RETRY] XAU-5M-REV: attempting pending BUY execution...
[RISK] Balance risked: $233.79 | SL distance: $2.50 | Lot: 0.93
[ERROR] ORDER FAILED: 10019, No money
[RETRY] XAU-5M-REV: attempting pending BUY execution...
[RISK] Balance risked: $233.79 | SL distance: $2.50 | Lot: 0.93
[ERROR] ORDER FAILED: 10019, No money
[RETRY] XAU-5M-REV: attempting pending BUY execution...
[RISK] Balance risked: $233.79 | SL distance: $2.50 | Lot: 0.93
[ERROR] ORDER FAILED: 10019, No money
[RETRY] XAU-5M-REV: attempting pending BUY execution...
[RISK] Balance risked: $233.79 | SL distance: $2.50 | Lot: 0.93
[ERROR] ORDER FAILED: 10019, No money
[RETRY] XAU-5M-REV: attempting pending BUY execution...
[RISK] Balance risked: $233.79 | SL distance: $2.50 | Lot: 0.93
[ERROR] ORDER FAILED: 10019, No money
[RETRY] XAU-5M-REV: attempting pending BUY execution...
[RISK] Balance risked: $233.79 | SL distance: $2.50 | Lot: 0.93
[ERROR] ORDER FAILED: 10019, No money

[OK] New 5-min candle detected: 2025-11-10 20:35:00
[OK] Retrieved 499 candles from OANDA.
[INFO] No open position currently.
[INFO] No actionable signal.

[+] IN SESSION: 18:30:00–22:00:00 GMT

[*] Waiting until next 5-min candle close at 20:40:00 GMT ...
[SKIP] Just-closed candle already fetched. Waiting to the next close for a brand-new timestamp...

[*] Waiting until 20:45:00 GMT ...
[RETRY] XAU-5M-REV: attempting pending BUY execution...
[RISK] Balance risked: $233.79 | SL distance: $2.50 | Lot: 0.93
[ERROR] ORDER FAILED: 10019, No money
[RETRY] XAU-5M-REV: attempting pending BUY execution...
[RISK] Balance risked: $233.79 | SL distance: $2.50 | Lot: 0.93
[ERROR] ORDER FAILED: 10019, No money
[RETRY] XAU-5M-REV: attempting pending BUY execution...
[RISK] Balance risked: $233.79 | SL distance: $2.50 | Lot: 0.93
[ERROR] ORDER FAILED: 10019, No money
[RETRY] XAU-5M-REV: attempting pending BUY execution...
[RISK] Balance risked: $233.79 | SL distance: $2.50 | Lot: 0.93
[ERROR] ORDER FAILED: 10019, No money
[RETRY] XAU-5M-REV: attempting pending BUY execution...
[RISK] Balance risked: $233.79 | SL distance: $2.50 | Lot: 0.93
[ERROR] ORDER FAILED: 10019, No money
[RETRY] XAU-5M-REV: attempting pending BUY execution...
[RISK] Balance risked: $233.79 | SL distance: $2.50 | Lot: 0.93
[ERROR] ORDER FAILED: 10019, No money
[RETRY] XAU-5M-REV: attempting pending BUY execution...
[RISK] Balance risked: $233.79 | SL distance: $2.50 | Lot: 0.93
[ERROR] ORDER FAILED: 10019, No money
[RETRY] XAU-5M-REV: attempting pending BUY execution...
[RISK] Balance risked: $233.79 | SL distance: $2.50 | Lot: 0.93
[ERROR] ORDER FAILED: 10019, No money
[RETRY] XAU-5M-REV: attempting pending BUY execution...
[RISK] Balance risked: $233.79 | SL distance: $2.50 | Lot: 0.93
[ERROR] ORDER FAILED: 10019, No money
[RETRY] XAU-5M-REV: attempting pending BUY execution...
[RISK] Balance risked: $233.79 | SL distance: $2.50 | Lot: 0.93
[ERROR] ORDER FAILED: 10019, No money
[RETRY] XAU-5M-REV: attempting pending BUY execution...
[RISK] Balance risked: $233.79 | SL distance: $2.50 | Lot: 0.93
[ERROR] ORDER FAILED: 10019, No money
[RETRY] XAU-5M-REV: attempting pending BUY execution...
[RISK] Balance risked: $233.79 | SL distance: $2.50 | Lot: 0.93
[ERROR] ORDER FAILED: 10019, No money
[RETRY] XAU-5M-REV: attempting pending BUY execution...
[RISK] Balance risked: $233.79 | SL distance: $2.50 | Lot: 0.93
[ERROR] ORDER FAILED: 10019, No money
[RETRY] XAU-5M-REV: attempting pending BUY execution...
[RISK] Balance risked: $233.79 | SL distance: $2.50 | Lot: 0.93
[ERROR] ORDER FAILED: 10019, No money
[RETRY] XAU-5M-REV: attempting pending BUY execution...
[RISK] Balance risked: $233.79 | SL distance: $2.50 | Lot: 0.93
[ERROR] ORDER FAILED: 10019, No money
[RETRY] XAU-5M-REV: attempting pending BUY execution...
[RISK] Balance risked: $233.79 | SL distance: $2.50 | Lot: 0.93
[ERROR] ORDER FAILED: 10019, No money
[RETRY] XAU-5M-REV: attempting pending BUY execution...
[RISK] Balance risked: $233.79 | SL distance: $2.50 | Lot: 0.93
[ERROR] ORDER FAILED: 10019, No money
[RETRY] XAU-5M-REV: attempting pending BUY execution...
[RISK] Balance risked: $233.79 | SL distance: $2.50 | Lot: 0.93
[ERROR] ORDER FAILED: 10019, No money
[RETRY] XAU-5M-REV: attempting pending BUY execution...
[RISK] Balance risked: $233.79 | SL distance: $2.50 | Lot: 0.93
[ERROR] ORDER FAILED: 10019, No money

[OK] New 5-min candle detected: 2025-11-10 20:40:00
[OK] Retrieved 499 candles from OANDA.
[INFO] No open position currently.
[INFO] No actionable signal.

[+] IN SESSION: 18:30:00–22:00:00 GMT

[*] Waiting until next 5-min candle close at 20:45:00 GMT ...
[SKIP] Just-closed candle already fetched. Waiting to the next close for a brand-new timestamp...

[*] Waiting until 20:50:00 GMT ...
[RETRY] XAU-5M-REV: attempting pending BUY execution...
[RISK] Balance risked: $233.79 | SL distance: $2.50 | Lot: 0.93
[ERROR] ORDER FAILED: 10019, No money
[RETRY] XAU-5M-REV: attempting pending BUY execution...
[RISK] Balance risked: $233.79 | SL distance: $2.50 | Lot: 0.93
[ERROR] ORDER FAILED: 10019, No money
[RETRY] XAU-5M-REV: attempting pending BUY execution...
[RISK] Balance risked: $233.79 | SL distance: $2.50 | Lot: 0.93
[ERROR] ORDER FAILED: 10019, No money
[RETRY] XAU-5M-REV: attempting pending BUY execution...
[RISK] Balance risked: $233.79 | SL distance: $2.50 | Lot: 0.93
[ERROR] ORDER FAILED: 10019, No money
[RETRY] XAU-5M-REV: attempting pending BUY execution...
[RISK] Balance risked: $233.79 | SL distance: $2.50 | Lot: 0.93
[ERROR] ORDER FAILED: 10019, No money
[RETRY] XAU-5M-REV: attempting pending BUY execution...
[RISK] Balance risked: $233.79 | SL distance: $2.50 | Lot: 0.93
[ERROR] ORDER FAILED: 10019, No money
[RETRY] XAU-5M-REV: attempting pending BUY execution...
[RISK] Balance risked: $233.79 | SL distance: $2.50 | Lot: 0.93
[ERROR] ORDER FAILED: 10019, No money
[RETRY] XAU-5M-REV: attempting pending BUY execution...
[RISK] Balance risked: $233.79 | SL distance: $2.50 | Lot: 0.93
[ERROR] ORDER FAILED: 10019, No money
[RETRY] XAU-5M-REV: attempting pending BUY execution...
[RISK] Balance risked: $233.79 | SL distance: $2.50 | Lot: 0.93
[ERROR] ORDER FAILED: 10019, No money
[RETRY] XAU-5M-REV: attempting pending BUY execution...
[RISK] Balance risked: $233.79 | SL distance: $2.50 | Lot: 0.93
[ERROR] ORDER FAILED: 10019, No money
[RETRY] XAU-5M-REV: attempting pending BUY execution...
[RISK] Balance risked: $233.79 | SL distance: $2.50 | Lot: 0.93
[ERROR] ORDER FAILED: 10019, No money
[RETRY] XAU-5M-REV: attempting pending BUY execution...
[RISK] Balance risked: $233.79 | SL distance: $2.50 | Lot: 0.93
[ERROR] ORDER FAILED: 10019, No money
[RETRY] XAU-5M-REV: attempting pending BUY execution...
[RISK] Balance risked: $233.79 | SL distance: $2.50 | Lot: 0.93
[ERROR] ORDER FAILED: 10019, No money
[RETRY] XAU-5M-REV: attempting pending BUY execution...
[RISK] Balance risked: $233.79 | SL distance: $2.50 | Lot: 0.93
[ERROR] ORDER FAILED: 10019, No money
[RETRY] XAU-5M-REV: attempting pending BUY execution...
[RISK] Balance risked: $233.79 | SL distance: $2.50 | Lot: 0.93
[ERROR] ORDER FAILED: 10019, No money
[RETRY] XAU-5M-REV: attempting pending BUY execution...
[RISK] Balance risked: $233.79 | SL distance: $2.50 | Lot: 0.93
[ERROR] ORDER FAILED: 10019, No money
[RETRY] XAU-5M-REV: attempting pending BUY execution...
[RISK] Balance risked: $233.79 | SL distance: $2.50 | Lot: 0.93
[ERROR] ORDER FAILED: 10019, No money
[RETRY] XAU-5M-REV: attempting pending BUY execution...
[RISK] Balance risked: $233.79 | SL distance: $2.50 | Lot: 0.93
[ERROR] ORDER FAILED: 10019, No money
[RETRY] XAU-5M-REV: attempting pending BUY execution...
[RISK] Balance risked: $233.79 | SL distance: $2.50 | Lot: 0.93
[ERROR] ORDER FAILED: 10019, No money
[RETRY] XAU-5M-REV: attempting pending BUY execution...
[RISK] Balance risked: $233.79 | SL distance: $2.50 | Lot: 0.93
[ERROR] ORDER FAILED: 10019, No money

[OK] New 5-min candle detected: 2025-11-10 20:45:00
[OK] Retrieved 499 candles from OANDA.
[INFO] No open position currently.
[INFO] No actionable signal.

[+] IN SESSION: 18:30:00–22:00:00 GMT

[*] Waiting until next 5-min candle close at 20:50:00 GMT ...
[SKIP] Just-closed candle already fetched. Waiting to the next close for a brand-new timestamp...

[*] Waiting until 20:55:00 GMT ...
[RETRY] XAU-5M-REV: attempting pending BUY execution...
[RISK] Balance risked: $233.79 | SL distance: $2.50 | Lot: 0.93
[ERROR] ORDER FAILED: 10019, No money
[RETRY] XAU-5M-REV: attempting pending BUY execution...
[RISK] Balance risked: $233.79 | SL distance: $2.50 | Lot: 0.93
[ERROR] ORDER FAILED: 10019, No money
[RETRY] XAU-5M-REV: attempting pending BUY execution...
[RISK] Balance risked: $233.79 | SL distance: $2.50 | Lot: 0.93
[ERROR] ORDER FAILED: 10019, No money
[RETRY] XAU-5M-REV: attempting pending BUY execution...
[RISK] Balance risked: $233.79 | SL distance: $2.50 | Lot: 0.93
[ERROR] ORDER FAILED: 10019, No money
[RETRY] XAU-5M-REV: attempting pending BUY execution...
[RISK] Balance risked: $233.79 | SL distance: $2.50 | Lot: 0.93
[ERROR] ORDER FAILED: 10019, No money
[RETRY] XAU-5M-REV: attempting pending BUY execution...
[RISK] Balance risked: $233.79 | SL distance: $2.50 | Lot: 0.93
[ERROR] ORDER FAILED: 10019, No money
[RETRY] XAU-5M-REV: attempting pending BUY execution...
[RISK] Balance risked: $233.79 | SL distance: $2.50 | Lot: 0.93
[ERROR] ORDER FAILED: 10019, No money
[RETRY] XAU-5M-REV: attempting pending BUY execution...
[RISK] Balance risked: $233.79 | SL distance: $2.50 | Lot: 0.93
[ERROR] ORDER FAILED: 10019, No money
[RETRY] XAU-5M-REV: attempting pending BUY execution...
[RISK] Balance risked: $233.79 | SL distance: $2.50 | Lot: 0.93
[ERROR] ORDER FAILED: 10019, No money
[RETRY] XAU-5M-REV: attempting pending BUY execution...
[RISK] Balance risked: $233.79 | SL distance: $2.50 | Lot: 0.93
[ERROR] ORDER FAILED: 10019, No money
[RETRY] XAU-5M-REV: attempting pending BUY execution...
[RISK] Balance risked: $233.79 | SL distance: $2.50 | Lot: 0.93
[ERROR] ORDER FAILED: 10019, No money
[RETRY] XAU-5M-REV: attempting pending BUY execution...
[RISK] Balance risked: $233.79 | SL distance: $2.50 | Lot: 0.93
[ERROR] ORDER FAILED: 10019, No money
[RETRY] XAU-5M-REV: attempting pending BUY execution...
[RISK] Balance risked: $233.79 | SL distance: $2.50 | Lot: 0.93
[ERROR] ORDER FAILED: 10019, No money
[RETRY] XAU-5M-REV: attempting pending BUY execution...
[RISK] Balance risked: $233.79 | SL distance: $2.50 | Lot: 0.93
[ERROR] ORDER FAILED: 10019, No money
[RETRY] XAU-5M-REV: attempting pending BUY execution...
[RISK] Balance risked: $233.79 | SL distance: $2.50 | Lot: 0.93
[ERROR] ORDER FAILED: 10019, No money
[RETRY] XAU-5M-REV: attempting pending BUY execution...
[RISK] Balance risked: $233.79 | SL distance: $2.50 | Lot: 0.93
[ERROR] ORDER FAILED: 10019, No money
[RETRY] XAU-5M-REV: attempting pending BUY execution...
[RISK] Balance risked: $233.79 | SL distance: $2.50 | Lot: 0.93
[ERROR] ORDER FAILED: 10019, No money
[RETRY] XAU-5M-REV: attempting pending BUY execution...
[RISK] Balance risked: $233.79 | SL distance: $2.50 | Lot: 0.93
[ERROR] ORDER FAILED: 10019, No money
[RETRY] XAU-5M-REV: attempting pending BUY execution...
[RISK] Balance risked: $233.79 | SL distance: $2.50 | Lot: 0.93
[ERROR] ORDER FAILED: 10019, No money
[RETRY] XAU-5M-REV: attempting pending BUY execution...
[RISK] Balance risked: $233.79 | SL distance: $2.50 | Lot: 0.93
[ERROR] ORDER FAILED: 10019, No money

[OK] New 5-min candle detected: 2025-11-10 20:50:00
[OK] Retrieved 499 candles from OANDA.
[INFO] No open position currently.
[INFO] No actionable signal.

[+] IN SESSION: 18:30:00–22:00:00 GMT

[*] Waiting until next 5-min candle close at 20:55:00 GMT ...
[SKIP] Just-closed candle already fetched. Waiting to the next close for a brand-new timestamp...

[*] Waiting until 21:00:00 GMT ...
[RETRY] XAU-5M-REV: attempting pending BUY execution...
[RISK] Balance risked: $233.79 | SL distance: $2.50 | Lot: 0.93
[ERROR] ORDER FAILED: 10019, No money
[RETRY] XAU-5M-REV: attempting pending BUY execution...
[RISK] Balance risked: $233.79 | SL distance: $2.50 | Lot: 0.93
[ERROR] ORDER FAILED: 10019, No money
[RETRY] XAU-5M-REV: attempting pending BUY execution...
[RISK] Balance risked: $233.79 | SL distance: $2.50 | Lot: 0.93
[ERROR] ORDER FAILED: 10019, No money
[RETRY] XAU-5M-REV: attempting pending BUY execution...
[RISK] Balance risked: $233.79 | SL distance: $2.50 | Lot: 0.93
[ERROR] ORDER FAILED: 10019, No money
[RETRY] XAU-5M-REV: attempting pending BUY execution...
[RISK] Balance risked: $233.79 | SL distance: $2.50 | Lot: 0.93
[ERROR] ORDER FAILED: 10019, No money
[RETRY] XAU-5M-REV: attempting pending BUY execution...
[RISK] Balance risked: $233.79 | SL distance: $2.50 | Lot: 0.93
[ERROR] ORDER FAILED: 10019, No money
[RETRY] XAU-5M-REV: attempting pending BUY execution...
[RISK] Balance risked: $233.79 | SL distance: $2.50 | Lot: 0.93
[ERROR] ORDER FAILED: 10019, No money
[RETRY] XAU-5M-REV: attempting pending BUY execution...
[RISK] Balance risked: $233.79 | SL distance: $2.50 | Lot: 0.93
[ERROR] ORDER FAILED: 10019, No money
[RETRY] XAU-5M-REV: attempting pending BUY execution...
[RISK] Balance risked: $233.79 | SL distance: $2.50 | Lot: 0.93
[ERROR] ORDER FAILED: 10019, No money
[RETRY] XAU-5M-REV: attempting pending BUY execution...
[RISK] Balance risked: $233.79 | SL distance: $2.50 | Lot: 0.93
[ERROR] ORDER FAILED: 10019, No money
[RETRY] XAU-5M-REV: attempting pending BUY execution...
[RISK] Balance risked: $233.79 | SL distance: $2.50 | Lot: 0.93
[ERROR] ORDER FAILED: 10019, No money
[RETRY] XAU-5M-REV: attempting pending BUY execution...
[RISK] Balance risked: $233.79 | SL distance: $2.50 | Lot: 0.93
[ERROR] ORDER FAILED: 10019, No money
[RETRY] XAU-5M-REV: attempting pending BUY execution...
[RISK] Balance risked: $233.79 | SL distance: $2.50 | Lot: 0.93
[ERROR] ORDER FAILED: 10019, No money
[RETRY] XAU-5M-REV: attempting pending BUY execution...
[RISK] Balance risked: $233.79 | SL distance: $2.50 | Lot: 0.93
[ERROR] ORDER FAILED: 10019, No money
[RETRY] XAU-5M-REV: attempting pending BUY execution...
[RISK] Balance risked: $233.79 | SL distance: $2.50 | Lot: 0.93
[ERROR] ORDER FAILED: 10019, No money
[RETRY] XAU-5M-REV: attempting pending BUY execution...
[RISK] Balance risked: $233.79 | SL distance: $2.50 | Lot: 0.93
[ERROR] ORDER FAILED: 10019, No money
[RETRY] XAU-5M-REV: attempting pending BUY execution...
[RISK] Balance risked: $233.79 | SL distance: $2.50 | Lot: 0.93
[ERROR] ORDER FAILED: 10019, No money
[RETRY] XAU-5M-REV: attempting pending BUY execution...
[RISK] Balance risked: $233.79 | SL distance: $2.50 | Lot: 0.93
[ERROR] ORDER FAILED: 10019, No money
[RETRY] XAU-5M-REV: attempting pending BUY execution...
[RISK] Balance risked: $233.79 | SL distance: $2.50 | Lot: 0.93
[ERROR] ORDER FAILED: 10019, No money
[RETRY] XAU-5M-REV: attempting pending BUY execution...
[RISK] Balance risked: $233.79 | SL distance: $2.50 | Lot: 0.93
[ERROR] ORDER FAILED: 10019, No money

[OK] New 5-min candle detected: 2025-11-10 20:55:00
[OK] Retrieved 499 candles from OANDA.
[INFO] No open position currently.
[INFO] No actionable signal.

[+] IN SESSION: 18:30:00–22:00:00 GMT

[*] Waiting until next 5-min candle close at 21:00:00 GMT ...
[SKIP] Just-closed candle already fetched. Waiting to the next close for a brand-new timestamp...

[*] Waiting until 21:05:00 GMT ...
[RETRY] XAU-5M-REV: attempting pending BUY execution...
[RISK] Balance risked: $233.79 | SL distance: $2.50 | Lot: 0.93
[ERROR] ORDER FAILED: 10019, No money
[RETRY] XAU-5M-REV: attempting pending BUY execution...
[RISK] Balance risked: $233.79 | SL distance: $2.50 | Lot: 0.93
[ERROR] ORDER FAILED: 10019, No money
[RETRY] XAU-5M-REV: attempting pending BUY execution...
[RISK] Balance risked: $233.79 | SL distance: $2.50 | Lot: 0.93
[ERROR] ORDER FAILED: 10019, No money
[RETRY] XAU-5M-REV: attempting pending BUY execution...
[RISK] Balance risked: $233.79 | SL distance: $2.50 | Lot: 0.93
[ERROR] ORDER FAILED: 10019, No money
[RETRY] XAU-5M-REV: attempting pending BUY execution...
[RISK] Balance risked: $233.79 | SL distance: $2.50 | Lot: 0.93
[ERROR] ORDER FAILED: 10019, No money
[RETRY] XAU-5M-REV: attempting pending BUY execution...
[RISK] Balance risked: $233.79 | SL distance: $2.50 | Lot: 0.93
[ERROR] ORDER FAILED: 10019, No money
[RETRY] XAU-5M-REV: attempting pending BUY execution...
[RISK] Balance risked: $233.79 | SL distance: $2.50 | Lot: 0.93
[ERROR] ORDER FAILED: 10019, No money
[RETRY] XAU-5M-REV: attempting pending BUY execution...
[RISK] Balance risked: $233.79 | SL distance: $2.50 | Lot: 0.93
[ERROR] ORDER FAILED: 10019, No money
[RETRY] XAU-5M-REV: attempting pending BUY execution...
[RISK] Balance risked: $233.79 | SL distance: $2.50 | Lot: 0.93
[ERROR] ORDER FAILED: 10019, No money
[RETRY] XAU-5M-REV: attempting pending BUY execution...
[RISK] Balance risked: $233.79 | SL distance: $2.50 | Lot: 0.93
[ERROR] ORDER FAILED: 10019, No money
[RETRY] XAU-5M-REV: attempting pending BUY execution...
[RISK] Balance risked: $233.79 | SL distance: $2.50 | Lot: 0.93
[ERROR] ORDER FAILED: 10019, No money
[RETRY] XAU-5M-REV: attempting pending BUY execution...
[RISK] Balance risked: $233.79 | SL distance: $2.50 | Lot: 0.93
[ERROR] ORDER FAILED: 10019, No money
[RETRY] XAU-5M-REV: attempting pending BUY execution...
[RISK] Balance risked: $233.79 | SL distance: $2.50 | Lot: 0.93
[ERROR] ORDER FAILED: 10019, No money
[RETRY] XAU-5M-REV: attempting pending BUY execution...
[RISK] Balance risked: $233.79 | SL distance: $2.50 | Lot: 0.93
[ERROR] ORDER FAILED: 10019, No money
[RETRY] XAU-5M-REV: attempting pending BUY execution...
[RISK] Balance risked: $233.79 | SL distance: $2.50 | Lot: 0.93
[ERROR] ORDER FAILED: 10019, No money
[RETRY] XAU-5M-REV: attempting pending BUY execution...
[RISK] Balance risked: $233.79 | SL distance: $2.50 | Lot: 0.93
[ERROR] ORDER FAILED: 10019, No money
[RETRY] XAU-5M-REV: attempting pending BUY execution...
[RISK] Balance risked: $233.79 | SL distance: $2.50 | Lot: 0.93
[ERROR] ORDER FAILED: 10019, No money
[RETRY] XAU-5M-REV: attempting pending BUY execution...
[RISK] Balance risked: $233.79 | SL distance: $2.50 | Lot: 0.93
[ERROR] ORDER FAILED: 10019, No money
[RETRY] XAU-5M-REV: attempting pending BUY execution...
[RISK] Balance risked: $233.79 | SL distance: $2.50 | Lot: 0.93
[ERROR] ORDER FAILED: 10019, No money
[RETRY] XAU-5M-REV: attempting pending BUY execution...
[RISK] Balance risked: $233.79 | SL distance: $2.50 | Lot: 0.93
[ERROR] ORDER FAILED: 10019, No money

[OK] New 5-min candle detected: 2025-11-10 21:00:00
[OK] Retrieved 499 candles from OANDA.
[INFO] No open position currently.
[INFO] No actionable signal.

[+] IN SESSION: 18:30:00–22:00:00 GMT

[*] Waiting until next 5-min candle close at 21:05:00 GMT ...
[SKIP] Just-closed candle already fetched. Waiting to the next close for a brand-new timestamp...

[*] Waiting until 21:10:00 GMT ...
[RETRY] XAU-5M-REV: attempting pending BUY execution...
[RISK] Balance risked: $233.79 | SL distance: $2.50 | Lot: 0.93
[ERROR] ORDER FAILED: 10019, No money
[RETRY] XAU-5M-REV: attempting pending BUY execution...
[RISK] Balance risked: $233.79 | SL distance: $2.50 | Lot: 0.93
[ERROR] ORDER FAILED: 10019, No money
[RETRY] XAU-5M-REV: attempting pending BUY execution...
[RISK] Balance risked: $233.79 | SL distance: $2.50 | Lot: 0.93
[ERROR] ORDER FAILED: 10019, No money
[RETRY] XAU-5M-REV: attempting pending BUY execution...
[RISK] Balance risked: $233.79 | SL distance: $2.50 | Lot: 0.93
[ERROR] ORDER FAILED: 10019, No money
[RETRY] XAU-5M-REV: attempting pending BUY execution...
[RISK] Balance risked: $233.79 | SL distance: $2.50 | Lot: 0.93
[ERROR] ORDER FAILED: 10019, No money
[RETRY] XAU-5M-REV: attempting pending BUY execution...
[RISK] Balance risked: $233.79 | SL distance: $2.50 | Lot: 0.93
[ERROR] ORDER FAILED: 10019, No money
[RETRY] XAU-5M-REV: attempting pending BUY execution...
[RISK] Balance risked: $233.79 | SL distance: $2.50 | Lot: 0.93
[ERROR] ORDER FAILED: 10019, No money
[RETRY] XAU-5M-REV: attempting pending BUY execution...
[RISK] Balance risked: $233.79 | SL distance: $2.50 | Lot: 0.93
[ERROR] ORDER FAILED: 10019, No money
[RETRY] XAU-5M-REV: attempting pending BUY execution...
[RISK] Balance risked: $233.79 | SL distance: $2.50 | Lot: 0.93
[ERROR] ORDER FAILED: 10019, No money
[RETRY] XAU-5M-REV: attempting pending BUY execution...
[RISK] Balance risked: $233.79 | SL distance: $2.50 | Lot: 0.93
[ERROR] ORDER FAILED: 10019, No money
[RETRY] XAU-5M-REV: attempting pending BUY execution...
[RISK] Balance risked: $233.79 | SL distance: $2.50 | Lot: 0.93
[ERROR] ORDER FAILED: 10019, No money
[RETRY] XAU-5M-REV: attempting pending BUY execution...
[RISK] Balance risked: $233.79 | SL distance: $2.50 | Lot: 0.93
[ERROR] ORDER FAILED: 10019, No money
[RETRY] XAU-5M-REV: attempting pending BUY execution...
[RISK] Balance risked: $233.79 | SL distance: $2.50 | Lot: 0.93
[ERROR] ORDER FAILED: 10019, No money
[RETRY] XAU-5M-REV: attempting pending BUY execution...
[RISK] Balance risked: $233.79 | SL distance: $2.50 | Lot: 0.93
[ERROR] ORDER FAILED: 10019, No money
[RETRY] XAU-5M-REV: attempting pending BUY execution...
[RISK] Balance risked: $233.79 | SL distance: $2.50 | Lot: 0.93
[ERROR] ORDER FAILED: 10019, No money
[RETRY] XAU-5M-REV: attempting pending BUY execution...
[RISK] Balance risked: $233.79 | SL distance: $2.50 | Lot: 0.93
[ERROR] ORDER FAILED: 10019, No money
[RETRY] XAU-5M-REV: attempting pending BUY execution...
[RISK] Balance risked: $233.79 | SL distance: $2.50 | Lot: 0.93
[ERROR] ORDER FAILED: 10019, No money
[RETRY] XAU-5M-REV: attempting pending BUY execution...
[RISK] Balance risked: $233.79 | SL distance: $2.50 | Lot: 0.93
[ERROR] ORDER FAILED: 10019, No money
[RETRY] XAU-5M-REV: attempting pending BUY execution...
[RISK] Balance risked: $233.79 | SL distance: $2.50 | Lot: 0.93
[ERROR] ORDER FAILED: 10019, No money

[OK] New 5-min candle detected: 2025-11-10 21:05:00
[OK] Retrieved 499 candles from OANDA.
[INFO] No open position currently.
[INFO] No actionable signal.

[+] IN SESSION: 18:30:00–22:00:00 GMT

[*] Waiting until next 5-min candle close at 21:10:00 GMT ...
[SKIP] Just-closed candle already fetched. Waiting to the next close for a brand-new timestamp...

[*] Waiting until 21:15:00 GMT ...
[RETRY] XAU-5M-REV: attempting pending BUY execution...
[RISK] Balance risked: $233.79 | SL distance: $2.50 | Lot: 0.93
[ERROR] ORDER FAILED: 10019, No money
[RETRY] XAU-5M-REV: attempting pending BUY execution...
[RISK] Balance risked: $233.79 | SL distance: $2.50 | Lot: 0.93
[ERROR] ORDER FAILED: 10019, No money
[RETRY] XAU-5M-REV: attempting pending BUY execution...
[RISK] Balance risked: $233.79 | SL distance: $2.50 | Lot: 0.93
[ERROR] ORDER FAILED: 10019, No money
[RETRY] XAU-5M-REV: attempting pending BUY execution...
[RISK] Balance risked: $233.79 | SL distance: $2.50 | Lot: 0.93
[ERROR] ORDER FAILED: 10019, No money
[RETRY] XAU-5M-REV: attempting pending BUY execution...
[RISK] Balance risked: $233.79 | SL distance: $2.50 | Lot: 0.93
[ERROR] ORDER FAILED: 10019, No money
[RETRY] XAU-5M-REV: attempting pending BUY execution...
[RISK] Balance risked: $233.79 | SL distance: $2.50 | Lot: 0.93
[ERROR] ORDER FAILED: 10019, No money
[RETRY] XAU-5M-REV: attempting pending BUY execution...
[RISK] Balance risked: $233.79 | SL distance: $2.50 | Lot: 0.93
[ERROR] ORDER FAILED: 10019, No money
[RETRY] XAU-5M-REV: attempting pending BUY execution...
[RISK] Balance risked: $233.79 | SL distance: $2.50 | Lot: 0.93
[ERROR] ORDER FAILED: 10019, No money
[RETRY] XAU-5M-REV: attempting pending BUY execution...
[RISK] Balance risked: $233.79 | SL distance: $2.50 | Lot: 0.93
[ERROR] ORDER FAILED: 10019, No money
[RETRY] XAU-5M-REV: attempting pending BUY execution...
[RISK] Balance risked: $233.79 | SL distance: $2.50 | Lot: 0.93
[ERROR] ORDER FAILED: 10019, No money
[RETRY] XAU-5M-REV: attempting pending BUY execution...
[RISK] Balance risked: $233.79 | SL distance: $2.50 | Lot: 0.93
[ERROR] ORDER FAILED: 10019, No money
[RETRY] XAU-5M-REV: attempting pending BUY execution...
[RISK] Balance risked: $233.79 | SL distance: $2.50 | Lot: 0.93
[ERROR] ORDER FAILED: 10019, No money
[RETRY] XAU-5M-REV: attempting pending BUY execution...
[RISK] Balance risked: $233.79 | SL distance: $2.50 | Lot: 0.93
[ERROR] ORDER FAILED: 10019, No money
[RETRY] XAU-5M-REV: attempting pending BUY execution...
[RISK] Balance risked: $233.79 | SL distance: $2.50 | Lot: 0.93
[ERROR] ORDER FAILED: 10019, No money
[RETRY] XAU-5M-REV: attempting pending BUY execution...
[RISK] Balance risked: $233.79 | SL distance: $2.50 | Lot: 0.93
[ERROR] ORDER FAILED: 10019, No money
[RETRY] XAU-5M-REV: attempting pending BUY execution...
[RISK] Balance risked: $233.79 | SL distance: $2.50 | Lot: 0.93
[ERROR] ORDER FAILED: 10019, No money
[RETRY] XAU-5M-REV: attempting pending BUY execution...
[RISK] Balance risked: $233.79 | SL distance: $2.50 | Lot: 0.93
[ERROR] ORDER FAILED: 10019, No money
[RETRY] XAU-5M-REV: attempting pending BUY execution...
[RISK] Balance risked: $233.79 | SL distance: $2.50 | Lot: 0.93
[ERROR] ORDER FAILED: 10019, No money
[RETRY] XAU-5M-REV: attempting pending BUY execution...
[RISK] Balance risked: $233.79 | SL distance: $2.50 | Lot: 0.93
[ERROR] ORDER FAILED: 10019, No money
[RETRY] XAU-5M-REV: attempting pending BUY execution...
[RISK] Balance risked: $233.79 | SL distance: $2.50 | Lot: 0.93
[ERROR] ORDER FAILED: 10019, No money
[WAIT] No new candle yet. Latest: 21:05:00 | Retrying in 2 seconds...
[WAIT] No new candle yet. Latest: 21:05:00 | Retrying in 2 seconds...
[RETRY] XAU-5M-REV: attempting pending BUY execution...
[RISK] Balance risked: $233.79 | SL distance: $2.50 | Lot: 0.93
[ERROR] ORDER FAILED: 10019, No money

[OK] New 5-min candle detected: 2025-11-10 21:10:00
[OK] Retrieved 499 candles from OANDA.
[INFO] No open position currently.
[INFO] No actionable signal.

[+] IN SESSION: 18:30:00–22:00:00 GMT

[*] Waiting until next 5-min candle close at 21:15:00 GMT ...
[SKIP] Just-closed candle already fetched. Waiting to the next close for a brand-new timestamp...

[*] Waiting until 21:20:00 GMT ...
[RETRY] XAU-5M-REV: attempting pending BUY execution...
[RISK] Balance risked: $233.79 | SL distance: $2.50 | Lot: 0.93
[ERROR] ORDER FAILED: 10019, No money
[RETRY] XAU-5M-REV: attempting pending BUY execution...
[RISK] Balance risked: $233.79 | SL distance: $2.50 | Lot: 0.93
[ERROR] ORDER FAILED: 10019, No money
[RETRY] XAU-5M-REV: attempting pending BUY execution...
[RISK] Balance risked: $233.79 | SL distance: $2.50 | Lot: 0.93
[ERROR] ORDER FAILED: 10019, No money
[RETRY] XAU-5M-REV: attempting pending BUY execution...
[RISK] Balance risked: $233.79 | SL distance: $2.50 | Lot: 0.93
[ERROR] ORDER FAILED: 10019, No money
[RETRY] XAU-5M-REV: attempting pending BUY execution...
[RISK] Balance risked: $233.79 | SL distance: $2.50 | Lot: 0.93
[ERROR] ORDER FAILED: 10019, No money
[RETRY] XAU-5M-REV: attempting pending BUY execution...
[RISK] Balance risked: $233.79 | SL distance: $2.50 | Lot: 0.93
[ERROR] ORDER FAILED: 10019, No money
[RETRY] XAU-5M-REV: attempting pending BUY execution...
[RISK] Balance risked: $233.79 | SL distance: $2.50 | Lot: 0.93
[ERROR] ORDER FAILED: 10019, No money
[RETRY] XAU-5M-REV: attempting pending BUY execution...
[RISK] Balance risked: $233.79 | SL distance: $2.50 | Lot: 0.93
[ERROR] ORDER FAILED: 10019, No money
[RETRY] XAU-5M-REV: attempting pending BUY execution...
[RISK] Balance risked: $233.79 | SL distance: $2.50 | Lot: 0.93
[ERROR] ORDER FAILED: 10019, No money
[RETRY] XAU-5M-REV: attempting pending BUY execution...
[RISK] Balance risked: $233.79 | SL distance: $2.50 | Lot: 0.93
[ERROR] ORDER FAILED: 10019, No money
[RETRY] XAU-5M-REV: attempting pending BUY execution...
[RISK] Balance risked: $233.79 | SL distance: $2.50 | Lot: 0.93
[ERROR] ORDER FAILED: 10019, No money
[RETRY] XAU-5M-REV: attempting pending BUY execution...
[RISK] Balance risked: $233.79 | SL distance: $2.50 | Lot: 0.93
[ERROR] ORDER FAILED: 10019, No money
[RETRY] XAU-5M-REV: attempting pending BUY execution...
[RISK] Balance risked: $233.79 | SL distance: $2.50 | Lot: 0.93
[ERROR] ORDER FAILED: 10019, No money
[RETRY] XAU-5M-REV: attempting pending BUY execution...
[RISK] Balance risked: $233.79 | SL distance: $2.50 | Lot: 0.93
[ERROR] ORDER FAILED: 10019, No money
[RETRY] XAU-5M-REV: attempting pending BUY execution...
[RISK] Balance risked: $233.79 | SL distance: $2.50 | Lot: 0.93
[ERROR] ORDER FAILED: 10019, No money
[RETRY] XAU-5M-REV: attempting pending BUY execution...
[RISK] Balance risked: $233.79 | SL distance: $2.50 | Lot: 0.93
[ERROR] ORDER FAILED: 10019, No money
[RETRY] XAU-5M-REV: attempting pending BUY execution...
[RISK] Balance risked: $233.79 | SL distance: $2.50 | Lot: 0.93
[ERROR] ORDER FAILED: 10019, No money
[RETRY] XAU-5M-REV: attempting pending BUY execution...
[RISK] Balance risked: $233.79 | SL distance: $2.50 | Lot: 0.93
[ERROR] ORDER FAILED: 10019, No money
[RETRY] XAU-5M-REV: attempting pending BUY execution...
[RISK] Balance risked: $233.79 | SL distance: $2.50 | Lot: 0.93
[ERROR] ORDER FAILED: 10019, No money
[WAIT] No new candle yet. Latest: 21:10:00 | Retrying in 2 seconds...
[WAIT] No new candle yet. Latest: 21:10:00 | Retrying in 2 seconds...

[OK] New 5-min candle detected: 2025-11-10 21:15:00
[OK] Retrieved 500 candles from OANDA.
[INFO] No open position currently.
[INFO] No actionable signal.

[+] IN SESSION: 18:30:00–22:00:00 GMT

[*] Waiting until next 5-min candle close at 21:20:00 GMT ...
[SKIP] Just-closed candle already fetched. Waiting to the next close for a brand-new timestamp...

[*] Waiting until 21:25:00 GMT ...
[RETRY] XAU-5M-REV: attempting pending BUY execution...
[RISK] Balance risked: $233.79 | SL distance: $2.50 | Lot: 0.93
[ERROR] ORDER FAILED: 10019, No money
[RETRY] XAU-5M-REV: attempting pending BUY execution...
[RISK] Balance risked: $233.79 | SL distance: $2.50 | Lot: 0.93
[ERROR] ORDER FAILED: 10019, No money
[RETRY] XAU-5M-REV: attempting pending BUY execution...
[RISK] Balance risked: $233.79 | SL distance: $2.50 | Lot: 0.93
[ERROR] ORDER FAILED: 10019, No money
[RETRY] XAU-5M-REV: attempting pending BUY execution...
[RISK] Balance risked: $233.79 | SL distance: $2.50 | Lot: 0.93
[ERROR] ORDER FAILED: 10019, No money
[RETRY] XAU-5M-REV: attempting pending BUY execution...
[RISK] Balance risked: $233.79 | SL distance: $2.50 | Lot: 0.93
[ERROR] ORDER FAILED: 10019, No money
[RETRY] XAU-5M-REV: attempting pending BUY execution...
[RISK] Balance risked: $233.79 | SL distance: $2.50 | Lot: 0.93
[ERROR] ORDER FAILED: 10019, No money
[RETRY] XAU-5M-REV: attempting pending BUY execution...
[RISK] Balance risked: $233.79 | SL distance: $2.50 | Lot: 0.93
[ERROR] ORDER FAILED: 10019, No money
[RETRY] XAU-5M-REV: attempting pending BUY execution...
[RISK] Balance risked: $233.79 | SL distance: $2.50 | Lot: 0.93
[ERROR] ORDER FAILED: 10019, No money
[RETRY] XAU-5M-REV: attempting pending BUY execution...
[RISK] Balance risked: $233.79 | SL distance: $2.50 | Lot: 0.93
[ERROR] ORDER FAILED: 10019, No money
[RETRY] XAU-5M-REV: attempting pending BUY execution...
[RISK] Balance risked: $233.79 | SL distance: $2.50 | Lot: 0.93
[ERROR] ORDER FAILED: 10019, No money
[RETRY] XAU-5M-REV: attempting pending BUY execution...
[RISK] Balance risked: $233.79 | SL distance: $2.50 | Lot: 0.93
[ERROR] ORDER FAILED: 10019, No money
[RETRY] XAU-5M-REV: attempting pending BUY execution...
[RISK] Balance risked: $233.79 | SL distance: $2.50 | Lot: 0.93
[ERROR] ORDER FAILED: 10019, No money
[RETRY] XAU-5M-REV: attempting pending BUY execution...
[RISK] Balance risked: $233.79 | SL distance: $2.50 | Lot: 0.93
[ERROR] ORDER FAILED: 10019, No money
[RETRY] XAU-5M-REV: attempting pending BUY execution...
[RISK] Balance risked: $233.79 | SL distance: $2.50 | Lot: 0.93
[ERROR] ORDER FAILED: 10019, No money
[RETRY] XAU-5M-REV: attempting pending BUY execution...
[RISK] Balance risked: $233.79 | SL distance: $2.50 | Lot: 0.93
[ERROR] ORDER FAILED: 10019, No money
[RETRY] XAU-5M-REV: attempting pending BUY execution...
[RISK] Balance risked: $233.79 | SL distance: $2.50 | Lot: 0.93
[ERROR] ORDER FAILED: 10019, No money
[RETRY] XAU-5M-REV: attempting pending BUY execution...
[RISK] Balance risked: $233.79 | SL distance: $2.50 | Lot: 0.93
[ERROR] ORDER FAILED: 10019, No money
[RETRY] XAU-5M-REV: attempting pending BUY execution...
[RISK] Balance risked: $233.79 | SL distance: $2.50 | Lot: 0.93
[ERROR] ORDER FAILED: 10019, No money
[RETRY] XAU-5M-REV: attempting pending BUY execution...
[RISK] Balance risked: $233.79 | SL distance: $2.50 | Lot: 0.93
[ERROR] ORDER FAILED: 10019, No money
[RETRY] XAU-5M-REV: attempting pending BUY execution...
[RISK] Balance risked: $233.79 | SL distance: $2.50 | Lot: 0.93
[ERROR] ORDER FAILED: 10019, No money
[WAIT] No new candle yet. Latest: 21:15:00 | Retrying in 2 seconds...
[WAIT] No new candle yet. Latest: 21:15:00 | Retrying in 2 seconds...

[OK] New 5-min candle detected: 2025-11-10 21:20:00
[OK] Retrieved 500 candles from OANDA.
[INFO] No open position currently.
[CANCELLED] XAU-5M-REV: live signal SELL overrides pending BUY.
[RISK] Balance risked: $233.79 | SL distance: $2.50 | Lot: 0.93
[ERROR] ORDER FAILED: 10019, No money

[+] IN SESSION: 18:30:00–22:00:00 GMT

[*] Waiting until next 5-min candle close at 21:25:00 GMT ...
[SKIP] Just-closed candle already fetched. Waiting to the next close for a brand-new timestamp...

[*] Waiting until 21:30:00 GMT ...
[RETRY] XAU-5M-REV: attempting pending SELL execution...
[RISK] Balance risked: $233.79 | SL distance: $2.50 | Lot: 0.93
[ERROR] ORDER FAILED: 10019, No money
[RETRY] XAU-5M-REV: attempting pending SELL execution...
[RISK] Balance risked: $233.79 | SL distance: $2.50 | Lot: 0.93
[ERROR] ORDER FAILED: 10019, No money
[RETRY] XAU-5M-REV: attempting pending SELL execution...
[RISK] Balance risked: $233.79 | SL distance: $2.50 | Lot: 0.93
[ERROR] ORDER FAILED: 10019, No money
[RETRY] XAU-5M-REV: attempting pending SELL execution...
[RISK] Balance risked: $233.79 | SL distance: $2.50 | Lot: 0.93
[ERROR] ORDER FAILED: 10019, No money
[RETRY] XAU-5M-REV: attempting pending SELL execution...
[RISK] Balance risked: $233.79 | SL distance: $2.50 | Lot: 0.93
[ERROR] ORDER FAILED: 10019, No money
[RETRY] XAU-5M-REV: attempting pending SELL execution...
[RISK] Balance risked: $233.79 | SL distance: $2.50 | Lot: 0.93
[ERROR] ORDER FAILED: 10019, No money
[RETRY] XAU-5M-REV: attempting pending SELL execution...
[RISK] Balance risked: $233.79 | SL distance: $2.50 | Lot: 0.93
[ERROR] ORDER FAILED: 10019, No money
[RETRY] XAU-5M-REV: attempting pending SELL execution...
[RISK] Balance risked: $233.79 | SL distance: $2.50 | Lot: 0.93
[ERROR] ORDER FAILED: 10019, No money
[RETRY] XAU-5M-REV: attempting pending SELL execution...
[RISK] Balance risked: $233.79 | SL distance: $2.50 | Lot: 0.93
[ERROR] ORDER FAILED: 10019, No money
[RETRY] XAU-5M-REV: attempting pending SELL execution...
[RISK] Balance risked: $233.79 | SL distance: $2.50 | Lot: 0.93
[ERROR] ORDER FAILED: 10019, No money
[RETRY] XAU-5M-REV: attempting pending SELL execution...
[RISK] Balance risked: $233.79 | SL distance: $2.50 | Lot: 0.93
[ERROR] ORDER FAILED: 10019, No money
[RETRY] XAU-5M-REV: attempting pending SELL execution...
[RISK] Balance risked: $233.79 | SL distance: $2.50 | Lot: 0.93
[ERROR] ORDER FAILED: 10019, No money
[RETRY] XAU-5M-REV: attempting pending SELL execution...
[RISK] Balance risked: $233.79 | SL distance: $2.50 | Lot: 0.93
[ERROR] ORDER FAILED: 10019, No money
[RETRY] XAU-5M-REV: attempting pending SELL execution...
[RISK] Balance risked: $233.79 | SL distance: $2.50 | Lot: 0.93
[ERROR] ORDER FAILED: 10019, No money
[RETRY] XAU-5M-REV: attempting pending SELL execution...
[RISK] Balance risked: $233.79 | SL distance: $2.50 | Lot: 0.93
[ERROR] ORDER FAILED: 10019, No money
[RETRY] XAU-5M-REV: attempting pending SELL execution...
[RISK] Balance risked: $233.79 | SL distance: $2.50 | Lot: 0.93
[ERROR] ORDER FAILED: 10019, No money
[RETRY] XAU-5M-REV: attempting pending SELL execution...
[RISK] Balance risked: $233.79 | SL distance: $2.50 | Lot: 0.93
[ERROR] ORDER FAILED: 10019, No money
[RETRY] XAU-5M-REV: attempting pending SELL execution...
[RISK] Balance risked: $233.79 | SL distance: $2.50 | Lot: 0.93
[ERROR] ORDER FAILED: 10019, No money
[RETRY] XAU-5M-REV: attempting pending SELL execution...
[RISK] Balance risked: $233.79 | SL distance: $2.50 | Lot: 0.93
[ERROR] ORDER FAILED: 10019, No money
[RETRY] XAU-5M-REV: attempting pending SELL execution...
[RISK] Balance risked: $233.79 | SL distance: $2.50 | Lot: 0.93
[ERROR] ORDER FAILED: 10019, No money

[OK] New 5-min candle detected: 2025-11-10 21:25:00
[OK] Retrieved 499 candles from OANDA.
[INFO] No open position currently.

[+] IN SESSION: 18:30:00–22:00:00 GMT

[*] Waiting until next 5-min candle close at 21:30:00 GMT ...
[SKIP] Just-closed candle already fetched. Waiting to the next close for a brand-new timestamp...

[*] Waiting until 21:35:00 GMT ...
[RETRY] XAU-5M-REV: attempting pending SELL execution...
[RISK] Balance risked: $233.79 | SL distance: $2.50 | Lot: 0.93
[ERROR] ORDER FAILED: 10019, No money
[RETRY] XAU-5M-REV: attempting pending SELL execution...
[RISK] Balance risked: $233.79 | SL distance: $2.50 | Lot: 0.93
[ERROR] ORDER FAILED: 10019, No money
[RETRY] XAU-5M-REV: attempting pending SELL execution...
[RISK] Balance risked: $233.79 | SL distance: $2.50 | Lot: 0.93
[ERROR] ORDER FAILED: 10019, No money
[RETRY] XAU-5M-REV: attempting pending SELL execution...
[RISK] Balance risked: $233.79 | SL distance: $2.50 | Lot: 0.93
[ERROR] ORDER FAILED: 10019, No money
[RETRY] XAU-5M-REV: attempting pending SELL execution...
[RISK] Balance risked: $233.79 | SL distance: $2.50 | Lot: 0.93
[ERROR] ORDER FAILED: 10019, No money
[RETRY] XAU-5M-REV: attempting pending SELL execution...
[RISK] Balance risked: $233.79 | SL distance: $2.50 | Lot: 0.93
[ERROR] ORDER FAILED: 10019, No money
[RETRY] XAU-5M-REV: attempting pending SELL execution...
[RISK] Balance risked: $233.79 | SL distance: $2.50 | Lot: 0.93
[ERROR] ORDER FAILED: 10019, No money
[RETRY] XAU-5M-REV: attempting pending SELL execution...
[RISK] Balance risked: $233.79 | SL distance: $2.50 | Lot: 0.93
[ERROR] ORDER FAILED: 10019, No money
[RETRY] XAU-5M-REV: attempting pending SELL execution...
[RISK] Balance risked: $233.79 | SL distance: $2.50 | Lot: 0.93
[ERROR] ORDER FAILED: 10019, No money
[RETRY] XAU-5M-REV: attempting pending SELL execution...
[RISK] Balance risked: $233.79 | SL distance: $2.50 | Lot: 0.93
[ERROR] ORDER FAILED: 10019, No money
[RETRY] XAU-5M-REV: attempting pending SELL execution...
[RISK] Balance risked: $233.79 | SL distance: $2.50 | Lot: 0.93
[ERROR] ORDER FAILED: 10019, No money
[RETRY] XAU-5M-REV: attempting pending SELL execution...
[RISK] Balance risked: $233.79 | SL distance: $2.50 | Lot: 0.93
[ERROR] ORDER FAILED: 10019, No money
[RETRY] XAU-5M-REV: attempting pending SELL execution...
[RISK] Balance risked: $233.79 | SL distance: $2.50 | Lot: 0.93
[ERROR] ORDER FAILED: 10019, No money
[RETRY] XAU-5M-REV: attempting pending SELL execution...
[RISK] Balance risked: $233.79 | SL distance: $2.50 | Lot: 0.93
[ERROR] ORDER FAILED: 10019, No money
[RETRY] XAU-5M-REV: attempting pending SELL execution...
[RISK] Balance risked: $233.79 | SL distance: $2.50 | Lot: 0.93
[ERROR] ORDER FAILED: 10019, No money
[RETRY] XAU-5M-REV: attempting pending SELL execution...
[RISK] Balance risked: $233.79 | SL distance: $2.50 | Lot: 0.93
[ERROR] ORDER FAILED: 10019, No money
[RETRY] XAU-5M-REV: attempting pending SELL execution...
[RISK] Balance risked: $233.79 | SL distance: $2.50 | Lot: 0.93
[ERROR] ORDER FAILED: 10019, No money
[RETRY] XAU-5M-REV: attempting pending SELL execution...
[RISK] Balance risked: $233.79 | SL distance: $2.50 | Lot: 0.93
[ERROR] ORDER FAILED: 10019, No money
[RETRY] XAU-5M-REV: attempting pending SELL execution...
[RISK] Balance risked: $233.79 | SL distance: $2.50 | Lot: 0.93
[ERROR] ORDER FAILED: 10019, No money

[OK] New 5-min candle detected: 2025-11-10 21:30:00
[OK] Retrieved 499 candles from OANDA.
[INFO] No open position currently.
[INFO] No actionable signal.

[+] IN SESSION: 18:30:00–22:00:00 GMT

[*] Waiting until next 5-min candle close at 21:35:00 GMT ...
[SKIP] Just-closed candle already fetched. Waiting to the next close for a brand-new timestamp...

[*] Waiting until 21:40:00 GMT ...
[RETRY] XAU-5M-REV: attempting pending SELL execution...
[RISK] Balance risked: $233.79 | SL distance: $2.50 | Lot: 0.93
[ERROR] ORDER FAILED: 10019, No money
[RETRY] XAU-5M-REV: attempting pending SELL execution...
[RISK] Balance risked: $233.79 | SL distance: $2.50 | Lot: 0.93
[ERROR] ORDER FAILED: 10019, No money
[RETRY] XAU-5M-REV: attempting pending SELL execution...
[RISK] Balance risked: $233.79 | SL distance: $2.50 | Lot: 0.93
[ERROR] ORDER FAILED: 10019, No money
[RETRY] XAU-5M-REV: attempting pending SELL execution...
[RISK] Balance risked: $233.79 | SL distance: $2.50 | Lot: 0.93
[ERROR] ORDER FAILED: 10019, No money
[RETRY] XAU-5M-REV: attempting pending SELL execution...
[RISK] Balance risked: $233.79 | SL distance: $2.50 | Lot: 0.93
[ERROR] ORDER FAILED: 10019, No money
[RETRY] XAU-5M-REV: attempting pending SELL execution...
[RISK] Balance risked: $233.79 | SL distance: $2.50 | Lot: 0.93
[ERROR] ORDER FAILED: 10019, No money
[RETRY] XAU-5M-REV: attempting pending SELL execution...
[RISK] Balance risked: $233.79 | SL distance: $2.50 | Lot: 0.93
[ERROR] ORDER FAILED: 10019, No money
[RETRY] XAU-5M-REV: attempting pending SELL execution...
[RISK] Balance risked: $233.79 | SL distance: $2.50 | Lot: 0.93
[ERROR] ORDER FAILED: 10019, No money
[RETRY] XAU-5M-REV: attempting pending SELL execution...
[RISK] Balance risked: $233.79 | SL distance: $2.50 | Lot: 0.93
[ERROR] ORDER FAILED: 10019, No money
[RETRY] XAU-5M-REV: attempting pending SELL execution...
[RISK] Balance risked: $233.79 | SL distance: $2.50 | Lot: 0.93
[ERROR] ORDER FAILED: 10019, No money
[RETRY] XAU-5M-REV: attempting pending SELL execution...
[RISK] Balance risked: $233.79 | SL distance: $2.50 | Lot: 0.93
[ERROR] ORDER FAILED: 10019, No money
[RETRY] XAU-5M-REV: attempting pending SELL execution...
[RISK] Balance risked: $233.79 | SL distance: $2.50 | Lot: 0.93
[ERROR] ORDER FAILED: 10019, No money
[RETRY] XAU-5M-REV: attempting pending SELL execution...
[RISK] Balance risked: $233.79 | SL distance: $2.50 | Lot: 0.93
[ERROR] ORDER FAILED: 10019, No money
[RETRY] XAU-5M-REV: attempting pending SELL execution...
[RISK] Balance risked: $233.79 | SL distance: $2.50 | Lot: 0.93
[ERROR] ORDER FAILED: 10019, No money
[RETRY] XAU-5M-REV: attempting pending SELL execution...
[RISK] Balance risked: $233.79 | SL distance: $2.50 | Lot: 0.93
[ERROR] ORDER FAILED: 10019, No money
[RETRY] XAU-5M-REV: attempting pending SELL execution...
[RISK] Balance risked: $233.79 | SL distance: $2.50 | Lot: 0.93
[ERROR] ORDER FAILED: 10019, No money
[RETRY] XAU-5M-REV: attempting pending SELL execution...
[RISK] Balance risked: $233.79 | SL distance: $2.50 | Lot: 0.93
[ERROR] ORDER FAILED: 10019, No money
[RETRY] XAU-5M-REV: attempting pending SELL execution...
[RISK] Balance risked: $233.79 | SL distance: $2.50 | Lot: 0.93
[ERROR] ORDER FAILED: 10019, No money
[RETRY] XAU-5M-REV: attempting pending SELL execution...
[RISK] Balance risked: $233.79 | SL distance: $2.50 | Lot: 0.93
[ERROR] ORDER FAILED: 10019, No money
[RETRY] XAU-5M-REV: attempting pending SELL execution...
[RISK] Balance risked: $233.79 | SL distance: $2.50 | Lot: 0.93
[ERROR] ORDER FAILED: 10019, No money

[OK] New 5-min candle detected: 2025-11-10 21:35:00
[OK] Retrieved 499 candles from OANDA.
[INFO] No open position currently.
[INFO] No actionable signal.

[+] IN SESSION: 18:30:00–22:00:00 GMT

[*] Waiting until next 5-min candle close at 21:40:00 GMT ...
[SKIP] Just-closed candle already fetched. Waiting to the next close for a brand-new timestamp...

[*] Waiting until 21:45:00 GMT ...
[RETRY] XAU-5M-REV: attempting pending SELL execution...
[RISK] Balance risked: $233.79 | SL distance: $2.50 | Lot: 0.93
[ERROR] ORDER FAILED: 10019, No money
[RETRY] XAU-5M-REV: attempting pending SELL execution...
[RISK] Balance risked: $233.79 | SL distance: $2.50 | Lot: 0.93
[ERROR] ORDER FAILED: 10019, No money
[RETRY] XAU-5M-REV: attempting pending SELL execution...
[RISK] Balance risked: $233.79 | SL distance: $2.50 | Lot: 0.93
[ERROR] ORDER FAILED: 10019, No money
[RETRY] XAU-5M-REV: attempting pending SELL execution...
[RISK] Balance risked: $233.79 | SL distance: $2.50 | Lot: 0.93
[ERROR] ORDER FAILED: 10019, No money
[RETRY] XAU-5M-REV: attempting pending SELL execution...
[RISK] Balance risked: $233.79 | SL distance: $2.50 | Lot: 0.93
[ERROR] ORDER FAILED: 10019, No money
[RETRY] XAU-5M-REV: attempting pending SELL execution...
[RISK] Balance risked: $233.79 | SL distance: $2.50 | Lot: 0.93
[ERROR] ORDER FAILED: 10019, No money
[RETRY] XAU-5M-REV: attempting pending SELL execution...
[RISK] Balance risked: $233.79 | SL distance: $2.50 | Lot: 0.93
[ERROR] ORDER FAILED: 10019, No money
[RETRY] XAU-5M-REV: attempting pending SELL execution...
[RISK] Balance risked: $233.79 | SL distance: $2.50 | Lot: 0.93
[ERROR] ORDER FAILED: 10019, No money
[RETRY] XAU-5M-REV: attempting pending SELL execution...
[RISK] Balance risked: $233.79 | SL distance: $2.50 | Lot: 0.93
[ERROR] ORDER FAILED: 10019, No money
[RETRY] XAU-5M-REV: attempting pending SELL execution...
[RISK] Balance risked: $233.79 | SL distance: $2.50 | Lot: 0.93
[ERROR] ORDER FAILED: 10019, No money
[RETRY] XAU-5M-REV: attempting pending SELL execution...
[RISK] Balance risked: $233.79 | SL distance: $2.50 | Lot: 0.93
[ERROR] ORDER FAILED: 10019, No money
[RETRY] XAU-5M-REV: attempting pending SELL execution...
[RISK] Balance risked: $233.79 | SL distance: $2.50 | Lot: 0.93
[ERROR] ORDER FAILED: 10019, No money
[RETRY] XAU-5M-REV: attempting pending SELL execution...
[RISK] Balance risked: $233.79 | SL distance: $2.50 | Lot: 0.93
[ERROR] ORDER FAILED: 10019, No money
[RETRY] XAU-5M-REV: attempting pending SELL execution...
[RISK] Balance risked: $233.79 | SL distance: $2.50 | Lot: 0.93
[ERROR] ORDER FAILED: 10019, No money
[RETRY] XAU-5M-REV: attempting pending SELL execution...
[RISK] Balance risked: $233.79 | SL distance: $2.50 | Lot: 0.93
[ERROR] ORDER FAILED: 10019, No money
[RETRY] XAU-5M-REV: attempting pending SELL execution...
[RISK] Balance risked: $233.79 | SL distance: $2.50 | Lot: 0.93
[ERROR] ORDER FAILED: 10019, No money
[RETRY] XAU-5M-REV: attempting pending SELL execution...
[RISK] Balance risked: $233.79 | SL distance: $2.50 | Lot: 0.93
[ERROR] ORDER FAILED: 10019, No money
[RETRY] XAU-5M-REV: attempting pending SELL execution...
[RISK] Balance risked: $233.79 | SL distance: $2.50 | Lot: 0.93
[ERROR] ORDER FAILED: 10019, No money
[RETRY] XAU-5M-REV: attempting pending SELL execution...
[RISK] Balance risked: $233.79 | SL distance: $2.50 | Lot: 0.93
[ERROR] ORDER FAILED: 10019, No money
[RETRY] XAU-5M-REV: attempting pending SELL execution...
[RISK] Balance risked: $233.79 | SL distance: $2.50 | Lot: 0.93
[ERROR] ORDER FAILED: 10019, No money

[OK] New 5-min candle detected: 2025-11-10 21:40:00
[OK] Retrieved 499 candles from OANDA.
[INFO] No open position currently.
[INFO] No actionable signal.

[+] IN SESSION: 18:30:00–22:00:00 GMT

[*] Waiting until next 5-min candle close at 21:45:00 GMT ...
[SKIP] Just-closed candle already fetched. Waiting to the next close for a brand-new timestamp...

[*] Waiting until 21:50:00 GMT ...
[RETRY] XAU-5M-REV: attempting pending SELL execution...
[RISK] Balance risked: $233.79 | SL distance: $2.50 | Lot: 0.93
[ERROR] ORDER FAILED: 10019, No money
[RETRY] XAU-5M-REV: attempting pending SELL execution...
[RISK] Balance risked: $233.79 | SL distance: $2.50 | Lot: 0.93
[ERROR] ORDER FAILED: 10019, No money
[RETRY] XAU-5M-REV: attempting pending SELL execution...
[RISK] Balance risked: $233.79 | SL distance: $2.50 | Lot: 0.93
[ERROR] ORDER FAILED: 10019, No money
[RETRY] XAU-5M-REV: attempting pending SELL execution...
[RISK] Balance risked: $233.79 | SL distance: $2.50 | Lot: 0.93
[ERROR] ORDER FAILED: 10019, No money
[RETRY] XAU-5M-REV: attempting pending SELL execution...
[RISK] Balance risked: $233.79 | SL distance: $2.50 | Lot: 0.93
[ERROR] ORDER FAILED: 10019, No money
[RETRY] XAU-5M-REV: attempting pending SELL execution...
[RISK] Balance risked: $233.79 | SL distance: $2.50 | Lot: 0.93
[ERROR] ORDER FAILED: 10019, No money
[RETRY] XAU-5M-REV: attempting pending SELL execution...
[RISK] Balance risked: $233.79 | SL distance: $2.50 | Lot: 0.93
[ERROR] ORDER FAILED: 10019, No money
[RETRY] XAU-5M-REV: attempting pending SELL execution...
[RISK] Balance risked: $233.79 | SL distance: $2.50 | Lot: 0.93
[ERROR] ORDER FAILED: 10019, No money
[RETRY] XAU-5M-REV: attempting pending SELL execution...
[RISK] Balance risked: $233.79 | SL distance: $2.50 | Lot: 0.93
[ERROR] ORDER FAILED: 10019, No money
[RETRY] XAU-5M-REV: attempting pending SELL execution...
[RISK] Balance risked: $233.79 | SL distance: $2.50 | Lot: 0.93
[ERROR] ORDER FAILED: 10019, No money
[RETRY] XAU-5M-REV: attempting pending SELL execution...
[RISK] Balance risked: $233.79 | SL distance: $2.50 | Lot: 0.93
[ERROR] ORDER FAILED: 10019, No money
[RETRY] XAU-5M-REV: attempting pending SELL execution...
[RISK] Balance risked: $233.79 | SL distance: $2.50 | Lot: 0.93
[ERROR] ORDER FAILED: 10019, No money
[RETRY] XAU-5M-REV: attempting pending SELL execution...
[RISK] Balance risked: $233.79 | SL distance: $2.50 | Lot: 0.93
[ERROR] ORDER FAILED: 10019, No money
[RETRY] XAU-5M-REV: attempting pending SELL execution...
[RISK] Balance risked: $233.79 | SL distance: $2.50 | Lot: 0.93
[ERROR] ORDER FAILED: 10019, No money
[RETRY] XAU-5M-REV: attempting pending SELL execution...
[RISK] Balance risked: $233.79 | SL distance: $2.50 | Lot: 0.93
[ERROR] ORDER FAILED: 10019, No money
[RETRY] XAU-5M-REV: attempting pending SELL execution...
[RISK] Balance risked: $233.79 | SL distance: $2.50 | Lot: 0.93
[ERROR] ORDER FAILED: 10019, No money
[RETRY] XAU-5M-REV: attempting pending SELL execution...
[RISK] Balance risked: $233.79 | SL distance: $2.50 | Lot: 0.93
[ERROR] ORDER FAILED: 10019, No money
[RETRY] XAU-5M-REV: attempting pending SELL execution...
[RISK] Balance risked: $233.79 | SL distance: $2.50 | Lot: 0.93
[ERROR] ORDER FAILED: 10019, No money
[RETRY] XAU-5M-REV: attempting pending SELL execution...
[RISK] Balance risked: $233.79 | SL distance: $2.50 | Lot: 0.93
[ERROR] ORDER FAILED: 10019, No money
[RETRY] XAU-5M-REV: attempting pending SELL execution...
[RISK] Balance risked: $233.79 | SL distance: $2.50 | Lot: 0.93
[ERROR] ORDER FAILED: 10019, No money

[OK] New 5-min candle detected: 2025-11-10 21:45:00
[OK] Retrieved 499 candles from OANDA.
[INFO] No open position currently.
[INFO] No actionable signal.

[+] IN SESSION: 18:30:00–22:00:00 GMT

[*] Waiting until next 5-min candle close at 21:50:00 GMT ...
[SKIP] Just-closed candle already fetched. Waiting to the next close for a brand-new timestamp...

[*] Waiting until 21:55:00 GMT ...
[RETRY] XAU-5M-REV: attempting pending SELL execution...
[RISK] Balance risked: $233.79 | SL distance: $2.50 | Lot: 0.93
[ERROR] ORDER FAILED: 10019, No money
[RETRY] XAU-5M-REV: attempting pending SELL execution...
[RISK] Balance risked: $233.79 | SL distance: $2.50 | Lot: 0.93
[ERROR] ORDER FAILED: 10019, No money
[RETRY] XAU-5M-REV: attempting pending SELL execution...
[RISK] Balance risked: $233.79 | SL distance: $2.50 | Lot: 0.93
[ERROR] ORDER FAILED: 10019, No money
[RETRY] XAU-5M-REV: attempting pending SELL execution...
[RISK] Balance risked: $233.79 | SL distance: $2.50 | Lot: 0.93
[ERROR] ORDER FAILED: 10019, No money
[RETRY] XAU-5M-REV: attempting pending SELL execution...
[RISK] Balance risked: $233.79 | SL distance: $2.50 | Lot: 0.93
[ERROR] ORDER FAILED: 10019, No money
[RETRY] XAU-5M-REV: attempting pending SELL execution...
[RISK] Balance risked: $233.79 | SL distance: $2.50 | Lot: 0.93
[ERROR] ORDER FAILED: 10019, No money
[RETRY] XAU-5M-REV: attempting pending SELL execution...
[RISK] Balance risked: $233.79 | SL distance: $2.50 | Lot: 0.93
[ERROR] ORDER FAILED: 10019, No money
[RETRY] XAU-5M-REV: attempting pending SELL execution...
[RISK] Balance risked: $233.79 | SL distance: $2.50 | Lot: 0.93
[ERROR] ORDER FAILED: 10019, No money
[RETRY] XAU-5M-REV: attempting pending SELL execution...
[RISK] Balance risked: $233.79 | SL distance: $2.50 | Lot: 0.93
[ERROR] ORDER FAILED: 10019, No money
[RETRY] XAU-5M-REV: attempting pending SELL execution...
[RISK] Balance risked: $233.79 | SL distance: $2.50 | Lot: 0.93
[ERROR] ORDER FAILED: 10019, No money
[RETRY] XAU-5M-REV: attempting pending SELL execution...
[RISK] Balance risked: $233.79 | SL distance: $2.50 | Lot: 0.93
[ERROR] ORDER FAILED: 10019, No money
[RETRY] XAU-5M-REV: attempting pending SELL execution...
[RISK] Balance risked: $233.79 | SL distance: $2.50 | Lot: 0.93
[ERROR] ORDER FAILED: 10019, No money
[RETRY] XAU-5M-REV: attempting pending SELL execution...
[RISK] Balance risked: $233.79 | SL distance: $2.50 | Lot: 0.93
[ERROR] ORDER FAILED: 10019, No money
[RETRY] XAU-5M-REV: attempting pending SELL execution...
[RISK] Balance risked: $233.79 | SL distance: $2.50 | Lot: 0.93
[ERROR] ORDER FAILED: 10019, No money
[RETRY] XAU-5M-REV: attempting pending SELL execution...
[RISK] Balance risked: $233.79 | SL distance: $2.50 | Lot: 0.93
[ERROR] ORDER FAILED: 10019, No money
[RETRY] XAU-5M-REV: attempting pending SELL execution...
[RISK] Balance risked: $233.79 | SL distance: $2.50 | Lot: 0.93
[ERROR] ORDER FAILED: 10019, No money
[RETRY] XAU-5M-REV: attempting pending SELL execution...
[RISK] Balance risked: $233.79 | SL distance: $2.50 | Lot: 0.93
[ERROR] ORDER FAILED: 10019, No money
[RETRY] XAU-5M-REV: attempting pending SELL execution...
[RISK] Balance risked: $233.79 | SL distance: $2.50 | Lot: 0.93
[ERROR] ORDER FAILED: 10019, No money
[RETRY] XAU-5M-REV: attempting pending SELL execution...
[RISK] Balance risked: $233.79 | SL distance: $2.50 | Lot: 0.93
[ERROR] ORDER FAILED: 10019, No money
[RETRY] XAU-5M-REV: attempting pending SELL execution...
[RISK] Balance risked: $233.79 | SL distance: $2.50 | Lot: 0.93
[ERROR] ORDER FAILED: 10019, No money

[OK] New 5-min candle detected: 2025-11-10 21:50:00
[OK] Retrieved 499 candles from OANDA.
[INFO] No open position currently.
[INFO] No actionable signal.

[+] IN SESSION: 18:30:00–22:00:00 GMT

[*] Waiting until next 5-min candle close at 21:55:00 GMT ...
[SKIP] Just-closed candle already fetched. Waiting to the next close for a brand-new timestamp...
[WAIT] No new candle yet. Latest: 21:50:00 | Retrying in 2 seconds...
[WAIT] No new candle yet. Latest: 21:50:00 | Retrying in 2 seconds...
[WAIT] No new candle yet. Latest: 21:50:00 | Retrying in 2 seconds...
[WAIT] No new candle yet. Latest: 21:50:00 | Retrying in 2 seconds...
[RETRY] XAU-5M-REV: attempting pending SELL execution...
[RISK] Balance risked: $233.79 | SL distance: $2.50 | Lot: 0.93
[ERROR] ORDER FAILED: 10019, No money
[WAIT] No new candle yet. Latest: 21:50:00 | Retrying in 2 seconds...
[WAIT] No new candle yet. Latest: 21:50:00 | Retrying in 2 seconds...
[WAIT] No new candle yet. Latest: 21:50:00 | Retrying in 2 seconds...
[WAIT] No new candle yet. Latest: 21:50:00 | Retrying in 2 seconds...
[WAIT] No new candle yet. Latest: 21:50:00 | Retrying in 2 seconds...
[TIMEOUT] No new candle after 20 seconds. Skipping this cycle.

[+] IN SESSION: 18:30:00–22:00:00 GMT

[*] Waiting until next 5-min candle close at 21:55:00 GMT ...
[SKIP] Just-closed candle already fetched. Waiting to the next close for a brand-new timestamp...
[WAIT] No new candle yet. Latest: 21:50:00 | Retrying in 2 seconds...
[RETRY] XAU-5M-REV: attempting pending SELL execution...
[RISK] Balance risked: $233.79 | SL distance: $2.50 | Lot: 0.93
[ERROR] ORDER FAILED: 10019, No money
[WAIT] No new candle yet. Latest: 21:50:00 | Retrying in 2 seconds...
[WAIT] No new candle yet. Latest: 21:50:00 | Retrying in 2 seconds...
[WAIT] No new candle yet. Latest: 21:50:00 | Retrying in 2 seconds...
[WAIT] No new candle yet. Latest: 21:50:00 | Retrying in 2 seconds...
[WAIT] No new candle yet. Latest: 21:50:00 | Retrying in 2 seconds...
[WAIT] No new candle yet. Latest: 21:50:00 | Retrying in 2 seconds...
[WAIT] No new candle yet. Latest: 21:50:00 | Retrying in 2 seconds...
[RETRY] XAU-5M-REV: attempting pending SELL execution...
[RISK] Balance risked: $233.79 | SL distance: $2.50 | Lot: 0.93
[ERROR] ORDER FAILED: 10019, No money
[WAIT] No new candle yet. Latest: 21:50:00 | Retrying in 2 seconds...
[TIMEOUT] No new candle after 20 seconds. Skipping this cycle.

[+] IN SESSION: 18:30:00–22:00:00 GMT

[*] Waiting until next 5-min candle close at 21:55:00 GMT ...
[SKIP] Just-closed candle already fetched. Waiting to the next close for a brand-new timestamp...
[WAIT] No new candle yet. Latest: 21:50:00 | Retrying in 2 seconds...
[WAIT] No new candle yet. Latest: 21:50:00 | Retrying in 2 seconds...
[WAIT] No new candle yet. Latest: 21:50:00 | Retrying in 2 seconds...
[WAIT] No new candle yet. Latest: 21:50:00 | Retrying in 2 seconds...
[WAIT] No new candle yet. Latest: 21:50:00 | Retrying in 2 seconds...
[RETRY] XAU-5M-REV: attempting pending SELL execution...
[RISK] Balance risked: $233.79 | SL distance: $2.50 | Lot: 0.93
[ERROR] ORDER FAILED: 10019, No money
[WAIT] No new candle yet. Latest: 21:50:00 | Retrying in 2 seconds...
[WAIT] No new candle yet. Latest: 21:50:00 | Retrying in 2 seconds...
[WAIT] No new candle yet. Latest: 21:50:00 | Retrying in 2 seconds...
[WAIT] No new candle yet. Latest: 21:50:00 | Retrying in 2 seconds...
[TIMEOUT] No new candle after 20 seconds. Skipping this cycle.

[+] IN SESSION: 18:30:00–22:00:00 GMT

[*] Waiting until next 5-min candle close at 22:00:00 GMT ...
[RETRY] XAU-5M-REV: attempting pending SELL execution...
[RISK] Balance risked: $233.79 | SL distance: $2.50 | Lot: 0.93
[ERROR] ORDER FAILED: 10019, No money
[RETRY] XAU-5M-REV: attempting pending SELL execution...
[RISK] Balance risked: $233.79 | SL distance: $2.50 | Lot: 0.93
[ERROR] ORDER FAILED: 10019, No money
[RETRY] XAU-5M-REV: attempting pending SELL execution...
[RISK] Balance risked: $233.79 | SL distance: $2.50 | Lot: 0.93
[ERROR] ORDER FAILED: 10019, No money
[RETRY] XAU-5M-REV: attempting pending SELL execution...
[RISK] Balance risked: $233.79 | SL distance: $2.50 | Lot: 0.93
[ERROR] ORDER FAILED: 10019, No money
[RETRY] XAU-5M-REV: attempting pending SELL execution...
[RISK] Balance risked: $233.79 | SL distance: $2.50 | Lot: 0.93
[ERROR] ORDER FAILED: 10019, No money
[RETRY] XAU-5M-REV: attempting pending SELL execution...
[RISK] Balance risked: $233.79 | SL distance: $2.50 | Lot: 0.93
[ERROR] ORDER FAILED: 10019, No money
[RETRY] XAU-5M-REV: attempting pending SELL execution...
[RISK] Balance risked: $233.79 | SL distance: $2.50 | Lot: 0.93
[ERROR] ORDER FAILED: 10019, No money
[RETRY] XAU-5M-REV: attempting pending SELL execution...
[RISK] Balance risked: $233.79 | SL distance: $2.50 | Lot: 0.93
[ERROR] ORDER FAILED: 10019, No money
[RETRY] XAU-5M-REV: attempting pending SELL execution...
[RISK] Balance risked: $233.79 | SL distance: $2.50 | Lot: 0.93
[ERROR] ORDER FAILED: 10019, No money
[RETRY] XAU-5M-REV: attempting pending SELL execution...
[RISK] Balance risked: $233.79 | SL distance: $2.50 | Lot: 0.93
[ERROR] ORDER FAILED: 10019, No money
[RETRY] XAU-5M-REV: attempting pending SELL execution...
[RISK] Balance risked: $233.79 | SL distance: $2.50 | Lot: 0.93
[ERROR] ORDER FAILED: 10019, No money
[RETRY] XAU-5M-REV: attempting pending SELL execution...
[RISK] Balance risked: $233.79 | SL distance: $2.50 | Lot: 0.93
[ERROR] ORDER FAILED: 10018, Market closed
[RETRY] XAU-5M-REV: attempting pending SELL execution...
[RISK] Balance risked: $233.79 | SL distance: $2.50 | Lot: 0.93
[ERROR] ORDER FAILED: 10018, Market closed
[RETRY] XAU-5M-REV: attempting pending SELL execution...
[RISK] Balance risked: $233.79 | SL distance: $2.50 | Lot: 0.93
[ERROR] ORDER FAILED: 10018, Market closed
[RETRY] XAU-5M-REV: attempting pending SELL execution...
[RISK] Balance risked: $233.79 | SL distance: $2.50 | Lot: 0.93
[ERROR] ORDER FAILED: 10018, Market closed
[INFO] SESSION ENDED BEFORE THE NEXT BAR CLOSE. HANDLING SESSION END...

[*] OUTSIDE SESSION. NEXT SESSION: 2025-11-11 00:30:00 GMT
[+] SESSION START REACHED. Waiting to enter... 
[+] SESSION HAS STARTED!                         
[+] IN SESSION: 00:30:00–05:30:00 GMT

[*] Waiting until next 5-min candle close at 00:30:00 GMT ...

[OK] New 5-min candle detected: 2025-11-11 00:25:00
[INFO] Ignoring pre-session bar. Waiting for first post-session-start candle...

[+] IN SESSION: 00:30:00–05:30:00 GMT

[*] Waiting until next 5-min candle close at 00:30:00 GMT ...
[SKIP] Just-closed candle already fetched. Waiting to the next close for a brand-new timestamp...

[*] Waiting until 00:35:00 GMT ...

[OK] New 5-min candle detected: 2025-11-11 00:30:00
[OK] Retrieved 499 candles from OANDA.
[INFO] No open position currently.
[BACKFILL] XAU-5M-REV: previous bar had SELL — attempting execution now.
[RISK] Balance risked: $233.79 | SL distance: $2.50 | Lot: 0.93
[OK] ORDER PLACED: ticket=1311702899, price=4127.05, sl=4129.55, lot=0.93
[OK] SL ADJUSTED to 4129.63

[+] IN SESSION: 00:30:00–05:30:00 GMT

[*] Waiting until next 5-min candle close at 00:35:00 GMT ...
[SKIP] Just-closed candle already fetched. Waiting to the next close for a brand-new timestamp...

[*] Waiting until 00:40:00 GMT ...

[OK] New 5-min candle detected: 2025-11-11 00:35:00
[OK] Retrieved 499 candles from OANDA.
[INFO] OPEN POSITION: SELL, volume: 0.93, entry: 4127.13
[INFO] No actionable signal.

[+] IN SESSION: 00:30:00–05:30:00 GMT

[*] Waiting until next 5-min candle close at 00:40:00 GMT ...
[SKIP] Just-closed candle already fetched. Waiting to the next close for a brand-new timestamp...

[*] Waiting until 00:45:00 GMT ...

[OK] New 5-min candle detected: 2025-11-11 00:40:00
[OK] Retrieved 499 candles from OANDA.
[INFO] OPEN POSITION: SELL, volume: 0.93, entry: 4127.13
[INFO] No actionable signal.

[+] IN SESSION: 00:30:00–05:30:00 GMT

[*] Waiting until next 5-min candle close at 00:45:00 GMT ...
[SKIP] Just-closed candle already fetched. Waiting to the next close for a brand-new timestamp...

[*] Waiting until 00:50:00 GMT ...

[OK] New 5-min candle detected: 2025-11-11 00:45:00
[OK] Retrieved 499 candles from OANDA.
[INFO] No open position currently.
[INFO] No actionable signal.

[+] IN SESSION: 00:30:00–05:30:00 GMT

[*] Waiting until next 5-min candle close at 00:50:00 GMT ...
[SKIP] Just-closed candle already fetched. Waiting to the next close for a brand-new timestamp...

[*] Waiting until 00:55:00 GMT ...
[WAIT] No new candle yet. Latest: 00:45:00 | Retrying in 2 seconds...

[OK] New 5-min candle detected: 2025-11-11 00:50:00
[OK] Retrieved 499 candles from OANDA.
[INFO] No open position currently.
[INFO] No actionable signal.

[+] IN SESSION: 00:30:00–05:30:00 GMT

[*] Waiting until next 5-min candle close at 00:55:00 GMT ...
[SKIP] Just-closed candle already fetched. Waiting to the next close for a brand-new timestamp...

[*] Waiting until 01:00:00 GMT ...

[OK] New 5-min candle detected: 2025-11-11 00:55:00
[OK] Retrieved 499 candles from OANDA.
[INFO] No open position currently.
[INFO] No actionable signal.

[+] IN SESSION: 00:30:00–05:30:00 GMT

[*] Waiting until next 5-min candle close at 01:00:00 GMT ...
[SKIP] Just-closed candle already fetched. Waiting to the next close for a brand-new timestamp...

[*] Waiting until 01:05:00 GMT ...

[OK] New 5-min candle detected: 2025-11-11 01:00:00
[OK] Retrieved 499 candles from OANDA.
[INFO] No open position currently.
[INFO] No actionable signal.

[+] IN SESSION: 00:30:00–05:30:00 GMT

[*] Waiting until next 5-min candle close at 01:05:00 GMT ...
[SKIP] Just-closed candle already fetched. Waiting to the next close for a brand-new timestamp...

[*] Waiting until 01:10:00 GMT ...

[OK] New 5-min candle detected: 2025-11-11 01:05:00
[OK] Retrieved 499 candles from OANDA.
[INFO] No open position currently.
[INFO] No actionable signal.

[+] IN SESSION: 00:30:00–05:30:00 GMT

[*] Waiting until next 5-min candle close at 01:10:00 GMT ...
[SKIP] Just-closed candle already fetched. Waiting to the next close for a brand-new timestamp...

[*] Waiting until 01:15:00 GMT ...

[OK] New 5-min candle detected: 2025-11-11 01:10:00
[OK] Retrieved 499 candles from OANDA.
[INFO] No open position currently.
[INFO] No actionable signal.

[+] IN SESSION: 00:30:00–05:30:00 GMT

[*] Waiting until next 5-min candle close at 01:15:00 GMT ...
[SKIP] Just-closed candle already fetched. Waiting to the next close for a brand-new timestamp...

[*] Waiting until 01:20:00 GMT ...

[OK] New 5-min candle detected: 2025-11-11 01:15:00
[OK] Retrieved 499 candles from OANDA.
[INFO] No open position currently.
[INFO] No actionable signal.

[+] IN SESSION: 00:30:00–05:30:00 GMT

[*] Waiting until next 5-min candle close at 01:20:00 GMT ...
[SKIP] Just-closed candle already fetched. Waiting to the next close for a brand-new timestamp...

[*] Waiting until 01:25:00 GMT ...

[OK] New 5-min candle detected: 2025-11-11 01:20:00
[OK] Retrieved 499 candles from OANDA.
[INFO] No open position currently.
[INFO] No actionable signal.

[+] IN SESSION: 00:30:00–05:30:00 GMT

[*] Waiting until next 5-min candle close at 01:25:00 GMT ...
[SKIP] Just-closed candle already fetched. Waiting to the next close for a brand-new timestamp...

[*] Waiting until 01:30:00 GMT ...

[OK] New 5-min candle detected: 2025-11-11 01:25:00
[OK] Retrieved 499 candles from OANDA.
[INFO] No open position currently.
[INFO] No actionable signal.

[+] IN SESSION: 00:30:00–05:30:00 GMT

[*] Waiting until next 5-min candle close at 01:30:00 GMT ...
[SKIP] Just-closed candle already fetched. Waiting to the next close for a brand-new timestamp...

[*] Waiting until 01:35:00 GMT ...

[OK] New 5-min candle detected: 2025-11-11 01:30:00
[OK] Retrieved 499 candles from OANDA.
[INFO] No open position currently.
[INFO] No actionable signal.

[+] IN SESSION: 00:30:00–05:30:00 GMT

[*] Waiting until next 5-min candle close at 01:35:00 GMT ...
[SKIP] Just-closed candle already fetched. Waiting to the next close for a brand-new timestamp...

[*] Waiting until 01:40:00 GMT ...

[OK] New 5-min candle detected: 2025-11-11 01:35:00
[OK] Retrieved 499 candles from OANDA.
[INFO] No open position currently.
[INFO] No actionable signal.

[+] IN SESSION: 00:30:00–05:30:00 GMT

[*] Waiting until next 5-min candle close at 01:40:00 GMT ...
[SKIP] Just-closed candle already fetched. Waiting to the next close for a brand-new timestamp...

[*] Waiting until 01:45:00 GMT ...

[OK] New 5-min candle detected: 2025-11-11 01:40:00
[OK] Retrieved 499 candles from OANDA.
[INFO] No open position currently.
[INFO] No actionable signal.

[+] IN SESSION: 00:30:00–05:30:00 GMT

[*] Waiting until next 5-min candle close at 01:45:00 GMT ...
[SKIP] Just-closed candle already fetched. Waiting to the next close for a brand-new timestamp...

[*] Waiting until 01:50:00 GMT ...

[OK] New 5-min candle detected: 2025-11-11 01:45:00
[OK] Retrieved 499 candles from OANDA.
[INFO] No open position currently.
[INFO] No actionable signal.

[+] IN SESSION: 00:30:00–05:30:00 GMT

[*] Waiting until next 5-min candle close at 01:50:00 GMT ...
[SKIP] Just-closed candle already fetched. Waiting to the next close for a brand-new timestamp...

[*] Waiting until 01:55:00 GMT ...

[OK] New 5-min candle detected: 2025-11-11 01:50:00
[OK] Retrieved 499 candles from OANDA.
[INFO] No open position currently.
[INFO] No actionable signal.

[+] IN SESSION: 00:30:00–05:30:00 GMT

[*] Waiting until next 5-min candle close at 01:55:00 GMT ...
[SKIP] Just-closed candle already fetched. Waiting to the next close for a brand-new timestamp...

[*] Waiting until 02:00:00 GMT ...

[OK] New 5-min candle detected: 2025-11-11 01:55:00
[OK] Retrieved 499 candles from OANDA.
[INFO] No open position currently.
[INFO] No actionable signal.

[+] IN SESSION: 00:30:00–05:30:00 GMT

[*] Waiting until next 5-min candle close at 02:00:00 GMT ...
[SKIP] Just-closed candle already fetched. Waiting to the next close for a brand-new timestamp...

[*] Waiting until 02:05:00 GMT ...

[OK] New 5-min candle detected: 2025-11-11 02:00:00
[OK] Retrieved 499 candles from OANDA.
[INFO] No open position currently.
[INFO] No actionable signal.

[+] IN SESSION: 00:30:00–05:30:00 GMT

[*] Waiting until next 5-min candle close at 02:05:00 GMT ...
[SKIP] Just-closed candle already fetched. Waiting to the next close for a brand-new timestamp...

[*] Waiting until 02:10:00 GMT ...

[OK] New 5-min candle detected: 2025-11-11 02:05:00
[OK] Retrieved 499 candles from OANDA.
[INFO] No open position currently.
[INFO] No actionable signal.

[+] IN SESSION: 00:30:00–05:30:00 GMT

[*] Waiting until next 5-min candle close at 02:10:00 GMT ...
[SKIP] Just-closed candle already fetched. Waiting to the next close for a brand-new timestamp...

[*] Waiting until 02:15:00 GMT ...

[OK] New 5-min candle detected: 2025-11-11 02:10:00
[OK] Retrieved 499 candles from OANDA.
[INFO] No open position currently.
[INFO] No actionable signal.

[+] IN SESSION: 00:30:00–05:30:00 GMT

[*] Waiting until next 5-min candle close at 02:15:00 GMT ...
[SKIP] Just-closed candle already fetched. Waiting to the next close for a brand-new timestamp...

[*] Waiting until 02:20:00 GMT ...

[OK] New 5-min candle detected: 2025-11-11 02:15:00
[OK] Retrieved 499 candles from OANDA.
[INFO] No open position currently.
[INFO] No actionable signal.

[+] IN SESSION: 00:30:00–05:30:00 GMT

[*] Waiting until next 5-min candle close at 02:20:00 GMT ...
[SKIP] Just-closed candle already fetched. Waiting to the next close for a brand-new timestamp...

[*] Waiting until 02:25:00 GMT ...

[OK] New 5-min candle detected: 2025-11-11 02:20:00
[OK] Retrieved 499 candles from OANDA.
[INFO] No open position currently.
[INFO] No actionable signal.

[+] IN SESSION: 00:30:00–05:30:00 GMT

[*] Waiting until next 5-min candle close at 02:25:00 GMT ...
[SKIP] Just-closed candle already fetched. Waiting to the next close for a brand-new timestamp...

[*] Waiting until 02:30:00 GMT ...

[OK] New 5-min candle detected: 2025-11-11 02:25:00
[OK] Retrieved 499 candles from OANDA.
[INFO] No open position currently.
[INFO] No actionable signal.

[+] IN SESSION: 00:30:00–05:30:00 GMT

[*] Waiting until next 5-min candle close at 02:30:00 GMT ...
[SKIP] Just-closed candle already fetched. Waiting to the next close for a brand-new timestamp...

[*] Waiting until 02:35:00 GMT ...

[OK] New 5-min candle detected: 2025-11-11 02:30:00
[OK] Retrieved 499 candles from OANDA.
[INFO] No open position currently.
[TRADE] XAU-5M-REV: new signal=BUY | prev=SELL | open=NONE
[RISK] Balance risked: $233.21 | SL distance: $2.50 | Lot: 0.93
[OK] ORDER PLACED: ticket=1311882128, price=4130.22, sl=4127.72, lot=0.93
[OK] SL ADJUSTED to 4127.92

[+] IN SESSION: 00:30:00–05:30:00 GMT

[*] Waiting until next 5-min candle close at 02:35:00 GMT ...
[SKIP] Just-closed candle already fetched. Waiting to the next close for a brand-new timestamp...

[*] Waiting until 02:40:00 GMT ...

[OK] New 5-min candle detected: 2025-11-11 02:35:00
[OK] Retrieved 499 candles from OANDA.
[INFO] OPEN POSITION: BUY, volume: 0.93, entry: 4130.42
[INFO] No actionable signal.

[+] IN SESSION: 00:30:00–05:30:00 GMT

[*] Waiting until next 5-min candle close at 02:40:00 GMT ...
[SKIP] Just-closed candle already fetched. Waiting to the next close for a brand-new timestamp...

[*] Waiting until 02:45:00 GMT ...

[OK] New 5-min candle detected: 2025-11-11 02:40:00
[OK] Retrieved 499 candles from OANDA.
[INFO] OPEN POSITION: BUY, volume: 0.93, entry: 4130.42
[INFO] No actionable signal.

[+] IN SESSION: 00:30:00–05:30:00 GMT

[*] Waiting until next 5-min candle close at 02:45:00 GMT ...
[SKIP] Just-closed candle already fetched. Waiting to the next close for a brand-new timestamp...

[*] Waiting until 02:50:00 GMT ...

[OK] New 5-min candle detected: 2025-11-11 02:45:00
[OK] Retrieved 499 candles from OANDA.
[INFO] OPEN POSITION: BUY, volume: 0.93, entry: 4130.42
[TRADE] XAU-5M-REV: new signal=SELL | prev=BUY | open=BUY
[OK] POSITION CLOSED: OrderSendResult(retcode=10009, deal=1072143958, order=1311899928, volume=0.93, price=4136.73, bid=4136.73, ask=4136.8, comment='Request executed', request_id=332604075, retcode_external=0, request=TradeRequest(action=1, magic=223344, order=0, symbol='XAUUSD', volume=0.93, price=4136.72, stoplimit=0.0, sl=0.0, tp=0.0, deviation=10, type=1, type_filling=1, type_time=0, expiration=0, comment='Close opposite position', position=1311882128, position_by=0))
[RISK] Balance risked: $234.66 | SL distance: $2.50 | Lot: 0.93
[OK] ORDER PLACED: ticket=1311899948, price=4136.73, sl=4139.23, lot=0.93
[OK] SL ADJUSTED to 4139.36

[+] IN SESSION: 00:30:00–05:30:00 GMT

[*] Waiting until next 5-min candle close at 02:50:00 GMT ...
[SKIP] Just-closed candle already fetched. Waiting to the next close for a brand-new timestamp...

[*] Waiting until 02:55:00 GMT ...

[OK] New 5-min candle detected: 2025-11-11 02:50:00
[OK] Retrieved 499 candles from OANDA.
[INFO] OPEN POSITION: SELL, volume: 0.93, entry: 4136.86
[INFO] No actionable signal.

[+] IN SESSION: 00:30:00–05:30:00 GMT

[*] Waiting until next 5-min candle close at 02:55:00 GMT ...
[SKIP] Just-closed candle already fetched. Waiting to the next close for a brand-new timestamp...

[*] Waiting until 03:00:00 GMT ...

[OK] New 5-min candle detected: 2025-11-11 02:55:00
[OK] Retrieved 499 candles from OANDA.
[INFO] No open position currently.
[INFO] No actionable signal.

[+] IN SESSION: 00:30:00–05:30:00 GMT

[*] Waiting until next 5-min candle close at 03:00:00 GMT ...
[SKIP] Just-closed candle already fetched. Waiting to the next close for a brand-new timestamp...

[*] Waiting until 03:05:00 GMT ...

[OK] New 5-min candle detected: 2025-11-11 03:00:00
[OK] Retrieved 499 candles from OANDA.
[INFO] No open position currently.
[INFO] No actionable signal.

[+] IN SESSION: 00:30:00–05:30:00 GMT

[*] Waiting until next 5-min candle close at 03:05:00 GMT ...
[SKIP] Just-closed candle already fetched. Waiting to the next close for a brand-new timestamp...

[*] Waiting until 03:10:00 GMT ...

[OK] New 5-min candle detected: 2025-11-11 03:05:00
[OK] Retrieved 499 candles from OANDA.
[INFO] No open position currently.
[INFO] No actionable signal.

[+] IN SESSION: 00:30:00–05:30:00 GMT

[*] Waiting until next 5-min candle close at 03:10:00 GMT ...
[SKIP] Just-closed candle already fetched. Waiting to the next close for a brand-new timestamp...

[*] Waiting until 03:15:00 GMT ...

[OK] New 5-min candle detected: 2025-11-11 03:10:00
[OK] Retrieved 499 candles from OANDA.
[INFO] No open position currently.
[INFO] No actionable signal.

[+] IN SESSION: 00:30:00–05:30:00 GMT

[*] Waiting until next 5-min candle close at 03:15:00 GMT ...
[SKIP] Just-closed candle already fetched. Waiting to the next close for a brand-new timestamp...

[*] Waiting until 03:20:00 GMT ...

[OK] New 5-min candle detected: 2025-11-11 03:15:00
[OK] Retrieved 499 candles from OANDA.
[INFO] No open position currently.
[INFO] No actionable signal.

[+] IN SESSION: 00:30:00–05:30:00 GMT

[*] Waiting until next 5-min candle close at 03:20:00 GMT ...
[SKIP] Just-closed candle already fetched. Waiting to the next close for a brand-new timestamp...

[*] Waiting until 03:25:00 GMT ...

[OK] New 5-min candle detected: 2025-11-11 03:20:00
[OK] Retrieved 499 candles from OANDA.
[INFO] No open position currently.
[INFO] No actionable signal.

[+] IN SESSION: 00:30:00–05:30:00 GMT

[*] Waiting until next 5-min candle close at 03:25:00 GMT ...
[SKIP] Just-closed candle already fetched. Waiting to the next close for a brand-new timestamp...

[*] Waiting until 03:30:00 GMT ...

[OK] New 5-min candle detected: 2025-11-11 03:25:00
[OK] Retrieved 499 candles from OANDA.
[INFO] No open position currently.
[INFO] No actionable signal.

[+] IN SESSION: 00:30:00–05:30:00 GMT

[*] Waiting until next 5-min candle close at 03:30:00 GMT ...
[SKIP] Just-closed candle already fetched. Waiting to the next close for a brand-new timestamp...

[*] Waiting until 03:35:00 GMT ...

[OK] New 5-min candle detected: 2025-11-11 03:30:00
[OK] Retrieved 499 candles from OANDA.
[INFO] No open position currently.
[INFO] No actionable signal.

[+] IN SESSION: 00:30:00–05:30:00 GMT

[*] Waiting until next 5-min candle close at 03:35:00 GMT ...
[SKIP] Just-closed candle already fetched. Waiting to the next close for a brand-new timestamp...

[*] Waiting until 03:40:00 GMT ...

[OK] New 5-min candle detected: 2025-11-11 03:35:00
[OK] Retrieved 499 candles from OANDA.
[INFO] No open position currently.
[INFO] No actionable signal.

[+] IN SESSION: 00:30:00–05:30:00 GMT

[*] Waiting until next 5-min candle close at 03:40:00 GMT ...
[SKIP] Just-closed candle already fetched. Waiting to the next close for a brand-new timestamp...

[*] Waiting until 03:45:00 GMT ...

[OK] New 5-min candle detected: 2025-11-11 03:40:00
[OK] Retrieved 499 candles from OANDA.
[INFO] No open position currently.
[INFO] No actionable signal.

[+] IN SESSION: 00:30:00–05:30:00 GMT

[*] Waiting until next 5-min candle close at 03:45:00 GMT ...
[SKIP] Just-closed candle already fetched. Waiting to the next close for a brand-new timestamp...

[*] Waiting until 03:50:00 GMT ...

[OK] New 5-min candle detected: 2025-11-11 03:45:00
[OK] Retrieved 499 candles from OANDA.
[INFO] No open position currently.
[INFO] No actionable signal.

[+] IN SESSION: 00:30:00–05:30:00 GMT

[*] Waiting until next 5-min candle close at 03:50:00 GMT ...
[SKIP] Just-closed candle already fetched. Waiting to the next close for a brand-new timestamp...

[*] Waiting until 03:55:00 GMT ...
[WAIT] No new candle yet. Latest: 03:45:00 | Retrying in 2 seconds...
[WAIT] No new candle yet. Latest: 03:45:00 | Retrying in 2 seconds...

[OK] New 5-min candle detected: 2025-11-11 03:50:00
[OK] Retrieved 499 candles from OANDA.
[INFO] No open position currently.
[INFO] No actionable signal.

[+] IN SESSION: 00:30:00–05:30:00 GMT

[*] Waiting until next 5-min candle close at 03:55:00 GMT ...
[SKIP] Just-closed candle already fetched. Waiting to the next close for a brand-new timestamp...

[*] Waiting until 04:00:00 GMT ...

[OK] New 5-min candle detected: 2025-11-11 03:55:00
[OK] Retrieved 499 candles from OANDA.
[INFO] No open position currently.
[INFO] No actionable signal.

[+] IN SESSION: 00:30:00–05:30:00 GMT

[*] Waiting until next 5-min candle close at 04:00:00 GMT ...
[SKIP] Just-closed candle already fetched. Waiting to the next close for a brand-new timestamp...

[*] Waiting until 04:05:00 GMT ...

[OK] New 5-min candle detected: 2025-11-11 04:00:00
[OK] Retrieved 499 candles from OANDA.
[INFO] No open position currently.
[INFO] No actionable signal.

[+] IN SESSION: 00:30:00–05:30:00 GMT

[*] Waiting until next 5-min candle close at 04:05:00 GMT ...
[SKIP] Just-closed candle already fetched. Waiting to the next close for a brand-new timestamp...

[*] Waiting until 04:10:00 GMT ...

[OK] New 5-min candle detected: 2025-11-11 04:05:00
[OK] Retrieved 499 candles from OANDA.
[INFO] No open position currently.
[INFO] No actionable signal.

[+] IN SESSION: 00:30:00–05:30:00 GMT

[*] Waiting until next 5-min candle close at 04:10:00 GMT ...
[SKIP] Just-closed candle already fetched. Waiting to the next close for a brand-new timestamp...

[*] Waiting until 04:15:00 GMT ...

[OK] New 5-min candle detected: 2025-11-11 04:10:00
[OK] Retrieved 499 candles from OANDA.
[INFO] No open position currently.
[INFO] No actionable signal.

[+] IN SESSION: 00:30:00–05:30:00 GMT

[*] Waiting until next 5-min candle close at 04:15:00 GMT ...
[SKIP] Just-closed candle already fetched. Waiting to the next close for a brand-new timestamp...

[*] Waiting until 04:20:00 GMT ...

[OK] New 5-min candle detected: 2025-11-11 04:15:00
[OK] Retrieved 499 candles from OANDA.
[INFO] No open position currently.
[INFO] No actionable signal.

[+] IN SESSION: 00:30:00–05:30:00 GMT

[*] Waiting until next 5-min candle close at 04:20:00 GMT ...
[SKIP] Just-closed candle already fetched. Waiting to the next close for a brand-new timestamp...

[*] Waiting until 04:25:00 GMT ...

[OK] New 5-min candle detected: 2025-11-11 04:20:00
[OK] Retrieved 499 candles from OANDA.
[INFO] No open position currently.
[INFO] No actionable signal.

[+] IN SESSION: 00:30:00–05:30:00 GMT

[*] Waiting until next 5-min candle close at 04:25:00 GMT ...
[SKIP] Just-closed candle already fetched. Waiting to the next close for a brand-new timestamp...

[*] Waiting until 04:30:00 GMT ...

[OK] New 5-min candle detected: 2025-11-11 04:25:00
[OK] Retrieved 499 candles from OANDA.
[INFO] No open position currently.
[INFO] No actionable signal.

[+] IN SESSION: 00:30:00–05:30:00 GMT

[*] Waiting until next 5-min candle close at 04:30:00 GMT ...
[SKIP] Just-closed candle already fetched. Waiting to the next close for a brand-new timestamp...

[*] Waiting until 04:35:00 GMT ...

[OK] New 5-min candle detected: 2025-11-11 04:30:00
[OK] Retrieved 499 candles from OANDA.
[INFO] No open position currently.
[INFO] No actionable signal.

[+] IN SESSION: 00:30:00–05:30:00 GMT

[*] Waiting until next 5-min candle close at 04:35:00 GMT ...
[SKIP] Just-closed candle already fetched. Waiting to the next close for a brand-new timestamp...

[*] Waiting until 04:40:00 GMT ...

[OK] New 5-min candle detected: 2025-11-11 04:35:00
[OK] Retrieved 499 candles from OANDA.
[INFO] No open position currently.
[INFO] No actionable signal.

[+] IN SESSION: 00:30:00–05:30:00 GMT

[*] Waiting until next 5-min candle close at 04:40:00 GMT ...
[SKIP] Just-closed candle already fetched. Waiting to the next close for a brand-new timestamp...

[*] Waiting until 04:45:00 GMT ...

[OK] New 5-min candle detected: 2025-11-11 04:40:00
[OK] Retrieved 499 candles from OANDA.
[INFO] No open position currently.
[INFO] No actionable signal.

[+] IN SESSION: 00:30:00–05:30:00 GMT

[*] Waiting until next 5-min candle close at 04:45:00 GMT ...
[SKIP] Just-closed candle already fetched. Waiting to the next close for a brand-new timestamp...

[*] Waiting until 04:50:00 GMT ...

[OK] New 5-min candle detected: 2025-11-11 04:45:00
[OK] Retrieved 499 candles from OANDA.
[INFO] No open position currently.
[TRADE] XAU-5M-REV: new signal=BUY | prev=SELL | open=NONE
[RISK] Balance risked: $234.04 | SL distance: $2.50 | Lot: 0.93
[OK] ORDER PLACED: ticket=1312004787, price=4144.01, sl=4141.51, lot=0.93

[+] IN SESSION: 00:30:00–05:30:00 GMT

[*] Waiting until next 5-min candle close at 04:50:00 GMT ...
[SKIP] Just-closed candle already fetched. Waiting to the next close for a brand-new timestamp...

[*] Waiting until 04:55:00 GMT ...

[OK] New 5-min candle detected: 2025-11-11 04:50:00
[OK] Retrieved 499 candles from OANDA.
[INFO] OPEN POSITION: BUY, volume: 0.93, entry: 4144.01
[INFO] No actionable signal.

[+] IN SESSION: 00:30:00–05:30:00 GMT

[*] Waiting until next 5-min candle close at 04:55:00 GMT ...
[SKIP] Just-closed candle already fetched. Waiting to the next close for a brand-new timestamp...

[*] Waiting until 05:00:00 GMT ...

[OK] New 5-min candle detected: 2025-11-11 04:55:00
[OK] Retrieved 499 candles from OANDA.
[INFO] OPEN POSITION: BUY, volume: 0.93, entry: 4144.01
[INFO] No actionable signal.

[+] IN SESSION: 00:30:00–05:30:00 GMT

[*] Waiting until next 5-min candle close at 05:00:00 GMT ...
[SKIP] Just-closed candle already fetched. Waiting to the next close for a brand-new timestamp...

[*] Waiting until 05:05:00 GMT ...

[OK] New 5-min candle detected: 2025-11-11 05:00:00
[OK] Retrieved 499 candles from OANDA.
[INFO] No open position currently.
[INFO] No actionable signal.

[+] IN SESSION: 00:30:00–05:30:00 GMT

[*] Waiting until next 5-min candle close at 05:05:00 GMT ...
[SKIP] Just-closed candle already fetched. Waiting to the next close for a brand-new timestamp...

[*] Waiting until 05:10:00 GMT ...

[OK] New 5-min candle detected: 2025-11-11 05:05:00
[OK] Retrieved 499 candles from OANDA.
[INFO] No open position currently.
[INFO] No actionable signal.

[+] IN SESSION: 00:30:00–05:30:00 GMT

[*] Waiting until next 5-min candle close at 05:10:00 GMT ...
[SKIP] Just-closed candle already fetched. Waiting to the next close for a brand-new timestamp...

[*] Waiting until 05:15:00 GMT ...

[OK] New 5-min candle detected: 2025-11-11 05:10:00
[OK] Retrieved 499 candles from OANDA.
[INFO] No open position currently.
[INFO] No actionable signal.

[+] IN SESSION: 00:30:00–05:30:00 GMT

[*] Waiting until next 5-min candle close at 05:15:00 GMT ...
[SKIP] Just-closed candle already fetched. Waiting to the next close for a brand-new timestamp...

[*] Waiting until 05:20:00 GMT ...

[OK] New 5-min candle detected: 2025-11-11 05:15:00
[OK] Retrieved 499 candles from OANDA.
[INFO] No open position currently.
[INFO] No actionable signal.

[+] IN SESSION: 00:30:00–05:30:00 GMT

[*] Waiting until next 5-min candle close at 05:20:00 GMT ...
[SKIP] Just-closed candle already fetched. Waiting to the next close for a brand-new timestamp...

[*] Waiting until 05:25:00 GMT ...

[OK] New 5-min candle detected: 2025-11-11 05:20:00
[OK] Retrieved 499 candles from OANDA.
[INFO] No open position currently.
[INFO] No actionable signal.

[+] IN SESSION: 00:30:00–05:30:00 GMT

[*] Waiting until next 5-min candle close at 05:25:00 GMT ...
[SKIP] Just-closed candle already fetched. Waiting to the next close for a brand-new timestamp...
[WAIT] No new candle yet. Latest: 05:20:00 | Retrying in 2 seconds...
[WAIT] No new candle yet. Latest: 05:20:00 | Retrying in 2 seconds...
[WAIT] No new candle yet. Latest: 05:20:00 | Retrying in 2 seconds...
[WAIT] No new candle yet. Latest: 05:20:00 | Retrying in 2 seconds...
[WAIT] No new candle yet. Latest: 05:20:00 | Retrying in 2 seconds...
[WAIT] No new candle yet. Latest: 05:20:00 | Retrying in 2 seconds...
[WAIT] No new candle yet. Latest: 05:20:00 | Retrying in 2 seconds...
[WAIT] No new candle yet. Latest: 05:20:00 | Retrying in 2 seconds...
[WAIT] No new candle yet. Latest: 05:20:00 | Retrying in 2 seconds...
[TIMEOUT] No new candle after 20 seconds. Skipping this cycle.

[+] IN SESSION: 00:30:00–05:30:00 GMT

[*] Waiting until next 5-min candle close at 05:25:00 GMT ...
[SKIP] Just-closed candle already fetched. Waiting to the next close for a brand-new timestamp...
[WAIT] No new candle yet. Latest: 05:20:00 | Retrying in 2 seconds...
[WAIT] No new candle yet. Latest: 05:20:00 | Retrying in 2 seconds...
[WAIT] No new candle yet. Latest: 05:20:00 | Retrying in 2 seconds...
[WAIT] No new candle yet. Latest: 05:20:00 | Retrying in 2 seconds...
[WAIT] No new candle yet. Latest: 05:20:00 | Retrying in 2 seconds...
[WAIT] No new candle yet. Latest: 05:20:00 | Retrying in 2 seconds...
[WAIT] No new candle yet. Latest: 05:20:00 | Retrying in 2 seconds...
[WAIT] No new candle yet. Latest: 05:20:00 | Retrying in 2 seconds...
[WAIT] No new candle yet. Latest: 05:20:00 | Retrying in 2 seconds...
[TIMEOUT] No new candle after 20 seconds. Skipping this cycle.

[+] IN SESSION: 00:30:00–05:30:00 GMT

[*] Waiting until next 5-min candle close at 05:25:00 GMT ...
[SKIP] Just-closed candle already fetched. Waiting to the next close for a brand-new timestamp...
[WAIT] No new candle yet. Latest: 05:20:00 | Retrying in 2 seconds...
[WAIT] No new candle yet. Latest: 05:20:00 | Retrying in 2 seconds...
[WAIT] No new candle yet. Latest: 05:20:00 | Retrying in 2 seconds...
[WAIT] No new candle yet. Latest: 05:20:00 | Retrying in 2 seconds...
[WAIT] No new candle yet. Latest: 05:20:00 | Retrying in 2 seconds...
[WAIT] No new candle yet. Latest: 05:20:00 | Retrying in 2 seconds...
[WAIT] No new candle yet. Latest: 05:20:00 | Retrying in 2 seconds...
[WAIT] No new candle yet. Latest: 05:20:00 | Retrying in 2 seconds...
[WAIT] No new candle yet. Latest: 05:20:00 | Retrying in 2 seconds...
[TIMEOUT] No new candle after 20 seconds. Skipping this cycle.

[+] IN SESSION: 00:30:00–05:30:00 GMT

[*] Waiting until next 5-min candle close at 05:30:00 GMT ...
[INFO] SESSION ENDED BEFORE THE NEXT BAR CLOSE. HANDLING SESSION END...

[*] OUTSIDE SESSION. NEXT SESSION: 2025-11-11 18:30:00 GMT
